"Data Source","World Development Indicators",

"Last Updated Date","2023-10-26",

"Country Name","Country Code","Indicator Name","Indicator Code","1960","1961","1962","1963","1964","1965","1966","1967","1968","1969","1970","1971","1972","1973","1974","1975","1976","1977","1978","1979","1980","1981","1982","1983","1984","1985","1986","1987","1988","1989","1990","1991","1992","1993","1994","1995","1996","1997","1998","1999","2000","2001","2002","2003","2004","2005","2006","2007","2008","2009","2010","2011","2012","2013","2014","2015","2016","2017","2018","2019","2020","2021","2022",
"Aruba","ABW","International tourism, number of departures","ST.INT.DPRT","","","","","","","","","","","","","","","","","","","","","","","","","","","","","","","","","","","","","","","","","","","","","","","","","","","","","","","","","","","","","","","",
"Africa Eastern and Southern","AFE","International tourism, number of departures","ST.INT.DPRT","","","","","","","","","","","","","","","","","","","","","","","","","","","","","","","","","","","","","","","","","","","","","","","","","","","","","","","","","","","","","","","",
"Afghanistan","AFG","International tourism, number of departures","ST.INT.DPRT","","","","","","","","","","","","","","","","","","","","","","","","","","","","","","","","","","","","","","","","","","","","","","","","","","","","","","","","","","","","","","","",
"Africa Western and Central","AFW","International tourism, number of departures","ST.INT.DPRT","","","","","","","","","","","","","","","","","","","","","","","","","","","","","","","","","","","","","","","","","","","","","","","","","","","","","","","","","","","","","","","",
"Angola","AGO","International tourism, number of departures","ST.INT.DPRT","","","","","","","","","","","","","","","","","","","","","","","","","","","","","","","","","","","","3000","3000","","","","","","","","","","","","","","","","","","","","","","","","","","",
"Albania","ALB","International tourism, number of departures","ST.INT.DPRT","","","","","","","","","","","","","","","","","","","","","","","","","","","","","","","","","","","","","","","","","","955000","1303000","1350000","1694000","2097000","2616000","2979000","3716000","3404000","3443000","4120000","3959000","3928000","4146000","4504000","4852000","5186000","5415000","5922000","2907000","","",
"Andorra","AND","International tourism, number of departures","ST.INT.DPRT","","","","","","","","","","","","","","","","","","","","","","","","","","","","","","","","","","","","","","","","","","","","","","","","","","","","","","","","","","","","","","","",
"Arab World","ARB","International tourism, number of departures","ST.INT.DPRT","","","","","","","","","","","","","","","","","","","","","","","","","","","","","","","","","","","","","","","","","","","","","","","","","","","","","","","","","","","","","","","",
"United Arab Emirates","ARE","International tourism, number of departures","ST.INT.DPRT","","","","","","","","","","","","","","","","","","","","","","","","","","","","","","","","","","","","","","","","","","","","","","","","","","","","","","","","17890000","18728000","18866000","18967000","18906000","6458000","","",
"Argentina","ARG","International tourism, number of departures","ST.INT.DPRT","","","","","","","","","","","","","","","","","","","","","","","","","","","","","","","","","","","","","","","","","","","","","4436000","4481000","4533000","4928000","5425000","5793000","6083000","7676000","8295000","9844000","10022000","13159000","18645000","21583000","18411000","15352000","","","",
"Armenia","ARM","International tourism, number of departures","ST.INT.DPRT","","","","","","","","","","","","","","","","","","","","","","","","","","","","","","","","","","","","","","","","","111000","110000","131000","169000","221000","269000","329000","468000","516000","526000","563000","715000","965000","1083000","1198000","1187000","1263000","1482000","1623000","1868000","346000","","",
"American Samoa","ASM","International tourism, number of departures","ST.INT.DPRT","","","","","","","","","","","","","","","","","","","","","","","","","","","","","","","","","","","","","","","","","","","","","","","","","","","","","","","","","","","","","","","",
"Antigua and Barbuda","ATG","International tourism, number of departures","ST.INT.DPRT","","","","","","","","","","","","","","","","","","","","","","","","","","","","","","","","","","","","","","","","","","","","","","","","","","","","","","","","","","","","","","","",
"Australia","AUS","International tourism, number of departures","ST.INT.DPRT","","","","","","","","","","","","","","","","","","","","","","","","","","","","","","","","","","","","2519000","2732000","2933000","3161000","3210000","3498000","3443000","3461000","3388000","4369000","4756000","4941000","5462000","5808000","6276000","7103000","7788000","8212000","9052000","9480000","9810000","10390000","10932000","11403000","11624000","2832000","","",
"Austria","AUT","International tourism, number of departures","ST.INT.DPRT","","","","","","","","","","","","","","","","","","","","","","","","","","","","","","","","","","","","","","","","","7528000","8350000","8266000","8384000","8371000","8206000","10042000","9876000","9677000","10121000","9882000","9874000","10960000","10671000","10994000","10628000","11534000","11491000","11043000","11902000","3964000","","",
"Azerbaijan","AZE","International tourism, number of departures","ST.INT.DPRT","","","","","","","","","","","","","","","","","","","","","","","","","","","","","","","","","","","","","432000","654000","1146000","1204000","1326000","1130000","1141000","1475000","1473000","1830000","1836000","1631000","2162000","2363000","3176000","3550000","3874000","4285000","4244000","4096000","4282000","4109000","4908000","5568000","1165000","","",
"Burundi","BDI","International tourism, number of departures","ST.INT.DPRT","","","","","","","","","","","","","","","","","","","","","","","","","","","","","","","","","","","","36000","35000","10000","16000","27000","28000","35000","","","","","","","","","","","","","","","","","","","","","",
"Belgium","BEL","International tourism, number of departures","ST.INT.DPRT","","","","","","","","","","","","","","","","","","","","","","","","","","","","","","","","","","","","","5645000","7548000","7776000","6410000","7932000","6570000","6773000","7268000","8783000","9327000","7852000","8371000","8887000","8775000","8801000","9727000","9576000","10803000","10991000","10835000","13372000","12142000","13098000","14191000","5850000","","",
"Benin","BEN","International tourism, number of departures","ST.INT.DPRT","","","","","","","","","","","","","","","","","","","","","","","","","","","","","","","","","","","","","","","","","","","","","","","","","","","","","","","","","","","","","","","",
"Burkina Faso","BFA","International tourism, number of departures","ST.INT.DPRT","","","","","","","","","","","","","","","","","","","","","","","","","","","","","","","","","","","","","","","","","","","","","","","","","","","","","","","","","","","","","","","",
"Bangladesh","BGD","International tourism, number of departures","ST.INT.DPRT","","","","","","","","","","","","","","","","","","","","","","","","","","","","","","","","","","","","830000","911000","866000","992000","1103000","1128000","1075000","1158000","1414000","1565000","1767000","1819000","2327000","875000","2254000","1913000","2127000","2273000","1460000","","","","","","","","","",
"Bulgaria","BGR","International tourism, number of departures","ST.INT.DPRT","","","","","","","","","","","","","","","","","","","","","","","","","","","","","","","","","","","","3524000","3006000","3059000","2592000","2376000","2337000","2730000","3188000","3403000","3882000","4235000","4180000","4515000","5727000","4993000","3676000","3803000","3758000","3930000","4158000","4632000","5392000","6228000","6699000","7007000","3973000","","",
"Bahrain","BHR","International tourism, number of departures","ST.INT.DPRT","","","","","","","","","","","","","","","","","","","","","","","","","","","","","","","","","","","","","","","","","","","","","","","","","","","","","","","","4741000","3293000","3136000","2868000","2950000","","","",
"Bahamas, The","BHS","International tourism, number of departures","ST.INT.DPRT","","","","","","","","","","","","","","","","","","","","","","","","","","","","","","","","","","","","","","","","","","","","","","","","","","","","","","","","","","","","","","","",
"Bosnia and Herzegovina","BIH","International tourism, number of departures","ST.INT.DPRT","","","","","","","","","","","","","","","","","","","","","","","","","","","","","","","","","","","","","","","","","","","","","","","","","","","","","","","","","","","","","","","",
"Belarus","BLR","International tourism, number of departures","ST.INT.DPRT","","","","","","","","","","","","","","","","","","","","","","","","","","","","","","","","","","","","","","","","","4747000","4008000","6160000","6518000","6924000","6596000","6811000","7512000","6323000","6440000","7464000","7542000","8427000","8841000","7236000","6972000","8340000","9209000","9326000","9221000","2810000","","",
"Belize","BLZ","International tourism, number of departures","ST.INT.DPRT","","","","","","","","","","","","","","","","","","","","","","","","","","","","","","","","","","","","","","","","","","","","","","","","","","","","","","","","","","","","","","","",
"Bermuda","BMU","International tourism, number of departures","ST.INT.DPRT","","","","","","","","","","","","","","","","","","","","","","","","","","","","","","","","","","","","","","","","","","140000","145000","141000","156000","161000","170000","181000","192000","","","","","","","","","","","","","","",
"Bolivia","BOL","International tourism, number of departures","ST.INT.DPRT","","","","","","","","","","","","","","","","","","","","","","","","","","","","","","","","","","","","249000","269000","285000","299000","253000","201000","222000","217000","304000","346000","386000","472000","526000","589000","518000","604000","775000","788000","837000","932000","965000","940000","997000","1060000","1160000","432000","","",
"Brazil","BRA","International tourism, number of departures","ST.INT.DPRT","","","","","","","","","","","","","","","","","","","","","","","","","","","","","","","","","","","","2600000","3797000","4014000","4171000","2863000","3228000","2674000","2338000","3229000","2968000","3364000","3886000","4662000","5238000","4920000","6457000","7807000","8497000","8866000","9617000","9478000","8872000","10610000","10628000","","","","",
"Barbados","BRB","International tourism, number of departures","ST.INT.DPRT","","","","","","","","","","","","","","","","","","","","","","","","","","","","","","","","","","","","","","","","","","","","","","","","","","","","","","","","","","","","","","","",
"Brunei Darussalam","BRN","International tourism, number of departures","ST.INT.DPRT","","","","","","","","","","","","","","","","","","","","","","","","","","","","","","","","","","","","","","","","","","","","","","","","","","","","","","","","","","","","","","","",
"Bhutan","BTN","International tourism, number of departures","ST.INT.DPRT","","","","","","","","","","","","","","","","","","","","","","","","","","","","","","","","","","","","","","","","","","","","","","","","","","","","","","","","","","","","72000","","","",
"Botswana","BWA","International tourism, number of departures","ST.INT.DPRT","","","","","","","","","","","","","","","","","","","","","","","","","","","","","","","","","","","","","","","","","","","","","","","","","","","","","","","","","","","","","","","",
"Central African Republic","CAF","International tourism, number of departures","ST.INT.DPRT","","","","","","","","","","","","","","","","","","","","","","","","","","","","","","","","","","","","","","","","","","","5000","6000","7000","8000","11000","","","","38000","","","","","","","","","","","","",
"Canada","CAN","International tourism, number of departures","ST.INT.DPRT","","","","","","","","","","","","","","","","","","","","","","","","","","","","","","","","","","","","","","","","","","","","","","","46912000","50044000","51737000","47481000","53620000","61909000","65175000","65780000","63737000","55971000","52979000","54955000","38069000","37845898.4375","","","",
"Central Europe and the Baltics","CEB","International tourism, number of departures","ST.INT.DPRT","","","","","","","","","","","","","","","","","","","","","","","","","","","","","","","","","","","","82137413.7651431","90797125.6919447","96995628.5812461","98540640.3605445","103358915.15008","106599221.424411","102537633.291289","93740821.3431165","88685258.0550538","91533983.5458019","97852373.4025387","102510242.460062","110142989.37043","117756000","102817000","103082009.027484","102137000","104157000","108876000","93128000","104174000","109447000","119458000","128530000","136609000","","","",
"Switzerland","CHE","International tourism, number of departures","ST.INT.DPRT","","","","","","","","","","","","","","","","","","","","","","","","","","","","","","","","","","","","","","","","","","","","17548000","","","","","17407000","16522000","15902000","18949000","20293000","20303000","19833000","22086000","21536000","22481000","24572000","19797000","","","",
"Channel Islands","CHI","International tourism, number of departures","ST.INT.DPRT","","","","","","","","","","","","","","","","","","","","","","","","","","","","","","","","","","","","","","","","","","","","","","","","","","","","","","","","","","","","","","","",
"Chile","CHL","International tourism, number of departures","ST.INT.DPRT","","","","","","","","","","","","","","","","","","","","","","","","","","","","","","","","","","","","","","","","","1528000","1340000","1444000","1509000","1727000","2031000","2264000","2451000","2317000","2359000","2737000","3220000","3448000","3674000","3842000","4103000","4269000","4367000","4605000","4091000","","","",
"China","CHN","International tourism, number of departures","ST.INT.DPRT","","","","","","","","","","","","","","","","","","","","","","","","","","","","","","","","","","","","4520000","5061000","5324000","8426000","9232000","10473000","12133000","16602000","20222000","28853000","31026000","34524000","40954000","45844000","47656000","57386000","70250000","83182000","98185000","116593000","127860000","135130000","143035000","149720000","154632000","20334000","","",
"Cote d'Ivoire","CIV","International tourism, number of departures","ST.INT.DPRT","","","","","","","","","","","","","","","","","","","","","","","","","","","","","","","","","","","","","","","","","","","","","","","","","","","","","","","","","","","","","","","",
"Cameroon","CMR","International tourism, number of departures","ST.INT.DPRT","","","","","","","","","","","","","","","","","","","","","","","","","","","","","","","","","","","","","","","","","","","","","","","","","","","","","","","","","","","","","","","",
"Congo, Dem. Rep.","COD","International tourism, number of departures","ST.INT.DPRT","","","","","","","","","","","","","","","","","","","","","","","","","","","","","","","","","","","","","","","50000","50000","","","","","","","","","","","","","","","","356000","424000","","","","","","",
"Congo, Rep.","COG","International tourism, number of departures","ST.INT.DPRT","","","","","","","","","","","","","","","","","","","","","","","","","","","","","","","","","","","","","","","","","","","","","","","","","","","","","161000","180000","","","","","","","","","",
"Colombia","COL","International tourism, number of departures","ST.INT.DPRT","","","","","","","","","","","","","","","","","","","","","","","","","","","","","","","","","","","","1057000","929000","1071000","1093000","1098000","1235000","1381000","1277000","1177000","1405000","1553000","","2028000","2042000","2122000","2342000","2522000","3169000","3605000","3911000","3862000","3795000","4017000","4368000","4479000","1275000","","",
"Comoros","COM","International tourism, number of departures","ST.INT.DPRT","","","","","","","","","","","","","","","","","","","","","","","","","","","","","","","","","","","","","","","","","","","","","","","","","","","","","","","","","","","","","","","",
"Cabo Verde","CPV","International tourism, number of departures","ST.INT.DPRT","","","","","","","","","","","","","","","","","","","","","","","","","","","","","","","","","","","","","","","","","","","","","","","","","","","","","","","","","","","","","","","",
"Costa Rica","CRI","International tourism, number of departures","ST.INT.DPRT","","","","","","","","","","","","","","","","","","","","","","","","","","","","","","","","","","","","273000","283000","288000","330000","353000","381000","361000","364000","373000","425000","487000","485000","577000","528000","579000","662000","717000","773000","790000","798000","919000","1036000","1150000","1079000","1153000","324000","","",
"Caribbean small states","CSS","International tourism, number of departures","ST.INT.DPRT","","","","","","","","","","","","","","","","","","","","","","","","","","","","","","","","","","","","","","","","","","","","","","","","","","","","","","","","","","","","","","","",
"Cuba","CUB","International tourism, number of departures","ST.INT.DPRT","","","","","","","","","","","","","","","","","","","","","","","","","","","","","","","","","","","","72000","72000","83000","94000","97000","139000","121000","111000","113000","124000","162000","199000","194000","202000","206000","251000","253000","213000","286000","355000","580000","385000","459000","552000","650000","271000","","",
"Curacao","CUW","International tourism, number of departures","ST.INT.DPRT","","","","","","","","","","","","","","","","","","","","","","","","","","","","","","","","","","","","","","","","","","","","","","","","","","","","","","","","","","","","","","","",
"Cayman Islands","CYM","International tourism, number of departures","ST.INT.DPRT","","","","","","","","","","","","","","","","","","","","","","","","","","","","","","","","","","","","","","","","","","","","","","","","","","","","","","","","","","","","","","","",
"Cyprus","CYP","International tourism, number of departures","ST.INT.DPRT","","","","","","","","","","","","","","","","","","","","","","","","","","","","","","","","","","","","360000","365000","422000","484000","540000","588000","684000","744000","737000","859000","914000","932000","1081000","1210000","1172000","1246000","1209000","1194000","1115000","1209000","1119000","1268000","1407000","1446000","1578000","","","",
"Czechia","CZE","International tourism, number of departures","ST.INT.DPRT","","","","","","","","","","","","","","","","","","","","","","","","","","","","","","","","","","","","","","","","","","","","7213000","6643000","6963000","6393000","9048000","9665000","8904000","8673000","5279000","5419000","5781000","5651000","5856000","6027000","6775000","7390000","7346000","2399000","","",
"Germany","DEU","International tourism, number of departures","ST.INT.DPRT","","","","","","","","","","","","","","","","","","","","","","","","","","","","","","","","","","","","","","55800000","69200000","78100000","80507000","81551000","80393000","85345000","84859000","86622000","81801000","82099000","86201000","85547000","85872000","84692000","82729000","87459000","83008000","83737000","90966000","92402000","108542000","99533000","","","",
"Djibouti","DJI","International tourism, number of departures","ST.INT.DPRT","","","","","","","","","","","","","","","","","","","","","","","","","","","","","","","","","","","","","","","","","","","","","","","","","","","","","","","","","","","","","","","",
"Dominica","DMA","International tourism, number of departures","ST.INT.DPRT","","","","","","","","","","","","","","","","","","","","","","","","","","","","","","","","","","","","","","","","","","","","","","","","","","","","","","","","","","","","","","","",
"Denmark","DNK","International tourism, number of departures","ST.INT.DPRT","","","","","","","","","","","","","","","","","","","","","","","","","","","","","","","","","","","","","5035000","4693000","4788000","4744000","5011000","4946000","4935000","5564000","4630000","5469000","6129000","6564000","6347000","7037000","7726000","7846000","7843000","6977000","8528000","8991000","9651000","8087000","7475000","9088000","4230000","","",
"Dominican Republic","DOM","International tourism, number of departures","ST.INT.DPRT","","","","","","","","","","","","","","","","","","","","","","","","","","","","","","","","","","","","168000","358000","355000","354000","363000","360000","331000","332000","321000","368000","419000","420000","443000","413000","415000","401000","408000","418000","392000","427000","478000","500000","522000","514000","532000","210000","","",
"Algeria","DZA","International tourism, number of departures","ST.INT.DPRT","","","","","","","","","","","","","","","","","","","","","","","","","","","","","","","","","","","","1090000","874000","827000","879000","903000","1006000","1190000","1257000","1254000","1417000","1513000","1349000","1499000","1539000","1677000","1757000","1715000","1911000","2136000","2839000","3638000","4530000","5058000","5610000","5732000","1386000","","",
"East Asia & Pacific (excluding high income)","EAP","International tourism, number of departures","ST.INT.DPRT","","","","","","","","","","","","","","","","","","","","","","","","","","","","","","","","","","","","18494984.1557213","20926449.3106902","22684010.7687599","24104615.1910713","25027607.5740809","28789531.0702602","33607829.5968291","33183645.0259129","36835527.5771277","42046888.8563217","45651720.9627782","51794241.9326198","60451886.1330095","66226942.191505","67897762.067524","81845597.3846253","97463919.6705647","113847239.704488","133004491.784496","155347356.595155","170248441.21106","181136727.209652","192151378.081103","202247515.925715","210530956.276378","","","",
"Early-demographic dividend","EAR","International tourism, number of departures","ST.INT.DPRT","","","","","","","","","","","","","","","","","","","","","","","","","","","","","","","","","","","","169917270.87063","172629924.007391","180068587.7366","183401081.811801","198868894.267048","216559415.778687","212440258.923429","215405027.021111","216755688.126946","231847307.888873","238161620.688834","231161562.8074","220452989.447119","220696425.092231","212055993.409272","233443159.938521","230622330.143053","240569262.836155","262592017.358017","268751796.442165","291665952.641532","312536177.805357","323293789.658034","309760109.930838","309162984.624182","","","",
"East Asia & Pacific","EAS","International tourism, number of departures","ST.INT.DPRT","","","","","","","","","","","","","","","","","","","","","","","","","","","","","","","","","","","","93487907.3815713","105058885.908282","111012952.209889","110742415.254419","119896552.492778","134784939.102544","142852066.953573","146849553.812098","144565260.081594","168503338.327594","178980034.497511","191973606.464964","209160640.046601","214079069.418245","212759733.971932","236680060.321045","254609640.199161","275983951.222562","296517180.446701","321003450.370821","345737393.819342","366330196.106592","384699656.285346","402010474.201487","415489956.286309","","","",
"Europe & Central Asia (excluding high income)","ECA","International tourism, number of departures","ST.INT.DPRT","","","","","","","","","","","","","","","","","","","","","","","","","","","","","","","","","","","","","","","","","","","","","76738619.4046321","85797832.2211344","91548425.8421658","100443508.852911","104726021.933566","102230776.295839","110297645.238854","123276429.934997","132546898.107873","147039143.726103","136995126.794444","129803442.215048","133101122.487867","153450258.678131","165722068.044527","174307497.882602","","","",
"Europe & Central Asia","ECS","International tourism, number of departures","ST.INT.DPRT","","","","","","","","","","","","","","","","","","","","","","","","","","","","","","","","","","","","","","373271895.539842","406716446.708114","431290829.636164","457405981.173266","453096545.815036","457281193.276423","467949386.211475","477522968.093898","504648379.38485","516208188.517464","543821360.066964","562146928.174775","539873168.034357","554242170.536358","573579334.712143","585069762.754391","608350743.356874","587759571.430501","604738772.886786","626599435.232651","682564892.562025","729507921.231368","740715759.48271","","","",
"Ecuador","ECU","International tourism, number of departures","ST.INT.DPRT","","","","","","","","","","","","","","","","","","","","","","","","","","","","","","","","","","","","271000","275000","321000","330000","386000","520000","562000","627000","613000","603000","664000","733000","801000","815000","814000","899000","1022000","1022000","1138000","1096000","1221000","1366000","1347000","1402000","1515000","","","",
"Egypt, Arab Rep.","EGY","International tourism, number of departures","ST.INT.DPRT","","","","","","","","","","","","","","","","","","","","","","","","","","","","","","","","","","","","","","","","","","","","","","","","","","4716000","4618000","4863000","5678000","5782000","6180000","","","","","","","","",
"Euro area","EMU","International tourism, number of departures","ST.INT.DPRT","","","","","","","","","","","","","","","","","","","","","","","","","","","","","","","","","","","","","","176496888.358507","200805328.610166","213458179.760061","222897314.837591","223258385.465982","227220660.519639","237311634.397298","232662990.266981","241460247.066788","240206221.439729","251318903.467316","261350173.509939","260250412.028062","261465779.150173","263529591.144957","259790000","262622000","265842000","271600000","285847000","311204000","338485601.5625","337838000","","","",
"Eritrea","ERI","International tourism, number of departures","ST.INT.DPRT","","","","","","","","","","","","","","","","","","","","","","","","","","","","","","","","","","","","","","","","","","","","","","","","","","","","","","","","","","","","","","","",
"Spain","ESP","International tourism, number of departures","ST.INT.DPRT","","","","","","","","","","","","","","","","","","","","","","","","","","","","","","","","","","","","","","","","","","","","","","","","12709000","13042000","13754000","14254000","15944000","14916000","13434000","13952000","17625000","18277000","20274000","22287000","22816000","6236000","","",
"Estonia","EST","International tourism, number of departures","ST.INT.DPRT","","","","","","","","","","","","","","","","","","","","","","","","","","","","","","","","","","","","1764000","1547000","1616000","1659000","1780000","1800000","1658000","1849000","2075000","","","438000","677000","692000","752000","955000","1054000","1147000","1166000","1426000","1250000","1339000","1279000","2069000","1702000","558000","","",
"Ethiopia","ETH","International tourism, number of departures","ST.INT.DPRT","","","","","","","","","","","","","","","","","","","","","","","","","","","","","","","","","","","","120000","133000","","","","","","","","","","","","","","","","","","","","","","","","","","",
"European Union","EUU","International tourism, number of departures","ST.INT.DPRT","","","","","","","","","","","","","","","","","","","","","","","","","","","","","","","","","","","","","","271484135.216473","296369930.634899","312875355.598599","325163288.816673","321405896.954904","316687650.393718","322010732.488834","319207224.167482","334631056.356151","338891791.953707","359820729.549465","376994649.545368","362275414.380898","364844521.718947","364843479.061749","365610235.134759","372957185.750037","360809409.367365","378470721.966819","397789572.067647","431349338.134929","461906449.256894","468662306.320796","","","",
"Fragile and conflict affected situations","FCS","International tourism, number of departures","ST.INT.DPRT","","","","","","","","","","","","","","","","","","","","","","","","","","","","","","","","","","","","","","","","","","","","","","","","","","","","","","","","","","","","","","","",
"Finland","FIN","International tourism, number of departures","ST.INT.DPRT","","","","","","","","","","","","","","","","","","","","","","","","","","","","","","","","","","","","","","","","","","","","","","6668000","6428000","6413000","6566000","6693000","7485000","8238000","9978000","9526000","9783000","10022000","10278000","10480000","10480000","10440000","2690000","","",
"Fiji","FJI","International tourism, number of departures","ST.INT.DPRT","","","","","","","","","","","","","","","","","","","","","","","","","","","","","","","","","","","","68000","72000","74000","78000","89000","83000","85000","99000","104000","94000","109000","121000","120000","124000","125000","128000","132000","132000","","","","156000","169000","174000","174000","","","",
"France","FRA","International tourism, number of departures","ST.INT.DPRT","","","","","","","","","","","","","","","","","","","","","","","","","","","","","","","","","","","","","","","","","","","","","","","27107000","33144000","30960000","30646000","29973000","31153000","29642000","30457000","31941000","30608000","29636000","44265000","48069000","49276000","21287000","","",
"Faroe Islands","FRO","International tourism, number of departures","ST.INT.DPRT","","","","","","","","","","","","","","","","","","","","","","","","","","","","","","","","","","","","","","","","","","","","","","","","","","","","","","","","","","","","","","","",
"Micronesia, Fed. Sts.","FSM","International tourism, number of departures","ST.INT.DPRT","","","","","","","","","","","","","","","","","","","","","","","","","","","","","","","","","","","","","","","","","","","","","","","","","","","","","","","","","","","","","","","",
"Gabon","GAB","International tourism, number of departures","ST.INT.DPRT","","","","","","","","","","","","","","","","","","","","","","","","","","","","","","","","","","","","","","","203000","187000","168000","189000","219000","236000","","","","","","","","","","","","","","","","","","","",
"United Kingdom","GBR","International tourism, number of departures","ST.INT.DPRT","","","","","","","","","","","","","","","","","","","","","","","","","","","","","","","","","","","","41345000","42050000","45957000","50872000","53881000","56837000","58281000","59377000","61424000","64194000","66494000","69536000","69450000","69011000","63513000","64647000","67493000","66858000","68959000","72204000","77619000","81757000","87242000","90571000","93086000","23827000","","",
"Georgia","GEO","International tourism, number of departures","ST.INT.DPRT","","","","","","","","","","","","","","","","","","","","","","","","","","","","","","","","","","","","228000","219000","355000","433000","373000","315000","306000","317000","","466000","857000","1346000","1473000","1872000","1980000","2086000","2237000","2734000","3220000","3106000","3136000","3400000","3851000","3698000","3780000","","","",
"Ghana","GHA","International tourism, number of departures","ST.INT.DPRT","","","","","","","","","","","","","","","","","","","","","","","","","","","","","","","","","","","","","","","","","","","","","","","","","","","","","","","","","","","","","","","",
"Gibraltar","GIB","International tourism, number of departures","ST.INT.DPRT","","","","","","","","","","","","","","","","","","","","","","","","","","","","","","","","","","","","","","","","","","","","","","","","","","","","","","","","","","","","","","","",
"Guinea","GIN","International tourism, number of departures","ST.INT.DPRT","","","","","","","","","","","","","","","","","","","","","","","","","","","","","","","","","","","","","","","","","","","","","","","","","","","","","","","","","","","","","","","",
"Gambia, The","GMB","International tourism, number of departures","ST.INT.DPRT","","","","","","","","","","","","","","","","","","","","","","","","","","","","","","","","","","","","","","","","","","","","","","387000","307000","","","","","","","","","","","","","","","","",
"Guinea-Bissau","GNB","International tourism, number of departures","ST.INT.DPRT","","","","","","","","","","","","","","","","","","","","","","","","","","","","","","","","","","","","","","","","","","","","","","","","","","","","","","","","","","","","","","","",
"Equatorial Guinea","GNQ","International tourism, number of departures","ST.INT.DPRT","","","","","","","","","","","","","","","","","","","","","","","","","","","","","","","","","","","","","","","","","","","","","","","","","","","","","","","","","","","","","","","",
"Greece","GRC","International tourism, number of departures","ST.INT.DPRT","","","","","","","","","","","","","","","","","","","","","","","","","","","","","","","","","","","","","","","","","","","","","","","","","3765000","3835000","3799000","4941000","4681000","4594000","5802000","6291000","7235000","7685000","7961000","7848000","2324000","","",
"Grenada","GRD","International tourism, number of departures","ST.INT.DPRT","","","","","","","","","","","","","","","","","","","","","","","","","","","","","","","","","","","","","","","","","","","","","","","","","","","","","","","","","","","","","","","",
"Greenland","GRL","International tourism, number of departures","ST.INT.DPRT","","","","","","","","","","","","","","","","","","","","","","","","","","","","","","","","","","","","","","","","","","","","","","","","","","","","","","","","","","","","","","","",
"Guatemala","GTM","International tourism, number of departures","ST.INT.DPRT","","","","","","","","","","","","","","","","","","","","","","","","","","","","","","","","","","","","333000","333000","331000","391000","485000","488000","580000","629000","658000","854000","982000","1055000","1168000","1277000","651000","694000","718000","721000","846000","992000","1130000","1195000","1328000","1538000","1703000","507799.987792969","","",
"Guam","GUM","International tourism, number of departures","ST.INT.DPRT","","","","","","","","","","","","","","","","","","","","","","","","","","","","","","","","","","","","","","","","","","","","","","","","","","","","","","","","","","","","","","","",
"Guyana","GUY","International tourism, number of departures","ST.INT.DPRT","","","","","","","","","","","","","","","","","","","","","","","","","","","","","","","","","","","","","","","","","","","","","","","","","","","","","","","","","","","","","","","",
"High income","HIC","International tourism, number of departures","ST.INT.DPRT","","","","","","","","","","","","","","","","","","","","","","","","","","","","","","","","","","","","","","","574878938.987049","610109478.390196","644643750.290246","639396289.906974","638005764.690574","627229194.26347","655857600.323493","683101339.777398","780689372.228802","806033509.510074","816213734.450086","783266709.249049","811128570.146149","819893615.548784","838746662.143907","857227623.488973","850607287.974686","889669300.853578","928589865.768957","982228992.375895","1016965040.25269","1037956545.53865","","","",
"Hong Kong SAR, China","HKG","International tourism, number of departures","ST.INT.DPRT","","","","","","","","","","","","","","","","","","","","","","","","","","","","","","","","","","","","","","","47594000","53144000","58901000","61096000","64540000","60936000","68903000","72300000","75812000","80682000","81911000","81958000","84442000","84816000","85276000","84414000","84519000","89082000","91758000","91304000","92214000","94715000","8261000","","",
"Honduras","HND","International tourism, number of departures","ST.INT.DPRT","","","","","","","","","","","","","","","","","","","","","","","","","","","","","","","","","","","","","","","","","","","","","","","","","","","1090000","1092000","1072000","1055000","1065000","1150000","1121000","727000","703000","","","","",
"Heavily indebted poor countries (HIPC)","HPC","International tourism, number of departures","ST.INT.DPRT","","","","","","","","","","","","","","","","","","","","","","","","","","","","","","","","","","","","","","","","","","","","","","","","","","","","","","","","","","","","","","","",
"Croatia","HRV","International tourism, number of departures","ST.INT.DPRT","","","","","","","","","","","","","","","","","","","","","","","","","","","","","","","","","","","","","","","","","","","","","","","","","4393000","4823000","","5526000","5159000","5444000","4638000","4355000","2581000","2597000","2980000","3500000","678000","","",
"Haiti","HTI","International tourism, number of departures","ST.INT.DPRT","","","","","","","","","","","","","","","","","","","","","","","","","","","","","","","","","","","","","","","","","","","","","","","","","","","","","","","","","","","","","","","",
"Hungary","HUN","International tourism, number of departures","ST.INT.DPRT","","","","","","","","","","","","","","","","","","","","","","","","","","","","","","","","","","","","13083000","12064000","12173000","12317000","10622000","11065000","11167000","12966000","14283000","17558000","17759000","16597000","17056000","17162000","16640000","16082000","16634000","16143000","16038000","16340000","17276000","18895000","20297000","22805000","24860000","12727000","","",
"IBRD only","IBD","International tourism, number of departures","ST.INT.DPRT","","","","","","","","","","","","","","","","","","","","","","","","","","","","","","","","","","","","247904374.326275","252677907.756721","265763513.052484","271890833.792286","291678524.111705","320226254.621016","320107966.684294","316976995.445947","319711392.928357","343892395.090019","363007459.705231","373979327.94675","384376425.161875","399957489.918826","375531747.189066","400055012.099144","429376700.015326","463213880.274952","509920169.684915","505478327.819251","534814850.543127","561469376.825592","600371929.967206","606878384.495997","624278730.485044","","","",
"IDA & IBRD total","IBT","International tourism, number of departures","ST.INT.DPRT","","","","","","","","","","","","","","","","","","","","","","","","","","","","","","","","","","","","316501877.371226","322608592.529547","339747236.037432","348168650.472256","374300252.185753","411277764.425118","410559345.97685","406836756.105754","411858892.504369","443665411.817504","469153653.746621","483202009.329331","498467960.577241","517364292.8684","488378973.42258","519544732.205971","560021930.814032","604687544.171714","667710870.025045","662446773.989546","700888228.536053","732541192.545927","783131240.434751","799318916.105226","819595044.687584","","","",
"IDA total","IDA","International tourism, number of departures","ST.INT.DPRT","","","","","","","","","","","","","","","","","","","","","","","","","","","","","","","","","","","","","","","","","","","","","","","","","","","","","","","","","","","","","","","",
"IDA blend","IDB","International tourism, number of departures","ST.INT.DPRT","","","","","","","","","","","","","","","","","","","","","","","","","","","","","","","","","","","","","","","","","","","","","","","","","","","","","","","","","","","","","","","",
"Indonesia","IDN","International tourism, number of departures","ST.INT.DPRT","","","","","","","","","","","","","","","","","","","","","","","","","","","","","","","","","","","","","","","","","2205000","2505000","3231000","3478000","3941000","4106000","4967000","5158000","5486000","5053000","6235000","6750000","7454000","8025000","8074000","8176000","8340000","8856000","9468000","11689000","2918000","","",
"IDA only","IDX","International tourism, number of departures","ST.INT.DPRT","","","","","","","","","","","","","","","","","","","","","","","","","","","","","","","","","","","","","","","","","","","","","","","","","","","","","","","","","","","","","","","",
"Isle of Man","IMN","International tourism, number of departures","ST.INT.DPRT","","","","","","","","","","","","","","","","","","","","","","","","","","","","","","","","","","","","","","","","","","","","","","","","","","","","","","","","","","","","","","","",
"India","IND","International tourism, number of departures","ST.INT.DPRT","","","","","","","","","","","","","","","","","","","","","","","","","","","","","","","","","","","","3056000","3464000","3726000","3811000","4115000","4416000","4564000","4940000","5351000","6213000","7185000","8340000","9783000","10868000","11067000","12988000","13994000","14920000","16626000","18330000","20376000","21872000","23943000","26296000","26915000","","","",
"Not classified","INX","International tourism, number of departures","ST.INT.DPRT","","","","","","","","","","","","","","","","","","","","","","","","","","","","","","","","","","","","","","","","","","","","","","","","","","","","","","","","","","","","","","","",
"Ireland","IRL","International tourism, number of departures","ST.INT.DPRT","","","","","","","","","","","","","","","","","","","","","","","","","","","","","","","","","","","","2547000","2733000","3053000","3330000","3576000","3783000","4216000","4634000","4929000","5409000","6113000","6848000","7713000","7877000","7047000","6917000","6514000","6600000","6579000","6676000","7094000","7646000","8171000","8643000","9350000","2326000","","",
"Iran, Islamic Rep.","IRN","International tourism, number of departures","ST.INT.DPRT","","","","","","","","","","","","","","","","","","","","","","","","","","","","","","","","","","","","","","","","","","","","","","","","","","","","","","","7698000","6620000","9007000","10543000","7243000","","1550000","","",
"Iraq","IRQ","International tourism, number of departures","ST.INT.DPRT","","","","","","","","","","","","","","","","","","","","","","","","","","","","","","","","","","","","","","","","","","","","","","","","","","","","","","","","","","","","","","","",
"Iceland","ISL","International tourism, number of departures","ST.INT.DPRT","","","","","","","","","","","","","","","","","","","","","","","","","","","","","","","","","","","","166000","190000","203000","227000","257000","283000","","","","","364000","440000","460000","414000","259000","299000","341000","358000","365000","400000","450000","536000","619000","668000","611000","130000","","",
"Israel","ISR","International tourism, number of departures","ST.INT.DPRT","","","","","","","","","","","","","","","","","","","","","","","","","","","","","","","","","","","","2259000","2505000","2707000","2983000","3203000","3530000","3561000","3273000","3299000","3614000","3687000","3713000","4147000","4207000","4007000","4269000","4387000","4349000","4757000","5181000","5891000","6781000","7597000","8473000","9179000","","","",
"Italy","ITA","International tourism, number of departures","ST.INT.DPRT","","","","","","","","","","","","","","","","","","","","","","","","","","","","","","","","","","","","","","40196000","42431000","42390000","44628000","43611000","44660000","46357000","40400000","43407000","46369000","49166000","54421000","54839000","55304000","52617000","53338000","52633000","55169000","57418000","57480000","60042000","61194601.5625","62207000","21448000","","",
"Jamaica","JAM","International tourism, number of departures","ST.INT.DPRT","","","","","","","","","","","","","","","","","","","","","","","","","","","","","","","","","","","","","","","","","","","","","","","","","","","","","","","","","","","","","","","",
"Jordan","JOR","International tourism, number of departures","ST.INT.DPRT","","","","","","","","","","","","","","","","","","","","","","","","","","","","","","","","","","","","1128000","1141000","1233000","1347000","1561000","1625000","1755000","1276000","1229000","1420000","1523000","2139000","2094000","1972000","2054000","2708000","1931000","1567000","1498000","1230000","","1511000","1592000","1501000","1537000","406000","","",
"Japan","JPN","International tourism, number of departures","ST.INT.DPRT","","","","","","","","","","","","","","","","","","","","","","","","","","","","","","","","","","","","15298000","16695000","16803000","15806000","16358000","17819000","16216000","16523000","13296000","16831000","17404000","17535000","17295000","15987000","15446000","16637000","16994000","18491000","17473000","16903000","16214000","17116000","17889000","18954000","20081000","3174000","","",
"Kazakhstan","KAZ","International tourism, number of departures","ST.INT.DPRT","","","","","","","","","","","","","","","","","","","","","","","","","","","","","","","","","","","","","","","","","","","","","","","3688000","4544000","4330000","5423000","6019000","8020000","9066000","10144000","10450000","11303000","9756000","10261000","10646000","10707000","2865000","","",
"Kenya","KEN","International tourism, number of departures","ST.INT.DPRT","","","","","","","","","","","","","","","","","","","","","","","","","","","","","","","","","","","","","","","","","","","","","","","","","","","","","","","","","","","","","","","",
"Kyrgyz Republic","KGZ","International tourism, number of departures","ST.INT.DPRT","","","","","","","","","","","","","","","","","","","","","","","","","","","","","","","","","","","","","","","","","","","","","","","","","2273000","2354000","1342000","3061000","3621000","3993000","3790000","4008000","4185000","4446000","6839000","5314000","","","",
"Cambodia","KHM","International tourism, number of departures","ST.INT.DPRT","","","","","","","","","","","","","","","","","","","","","","","","","","","","","","","","","","","","31000","38000","45000","41000","49000","41000","37000","45000","60000","239000","568000","787000","996000","786000","340000","505000","710000","792000","872000","956000","1194000","1434000","1752000","1995000","2038000","326000","","",
"Kiribati","KIR","International tourism, number of departures","ST.INT.DPRT","","","","","","","","","","","","","","","","","","","","","","","","","","","","","","","","","","","","","","","","","","","","","","","","","","","","","","","","","","","","","","","",
"St. Kitts and Nevis","KNA","International tourism, number of departures","ST.INT.DPRT","","","","","","","","","","","","","","","","","","","","","","","","","","","","","","","","","","","","","","","","","","","","","","","","","","","","","","","","","","","","","","","",
"Korea, Rep.","KOR","International tourism, number of departures","ST.INT.DPRT","","","","","","","","","","","","","","","","","","","","","","","","","","","","","","","","","","","","3819000","4649000","4542000","3067000","4342000","5508000","6084000","7123000","7086000","8826000","10080000","11610000","13325000","11996000","9494000","12488000","12694000","13737000","14846000","16081000","19310000","22383000","26496000","28696000","28714000","4276000","","",
"Kuwait","KWT","International tourism, number of departures","ST.INT.DPRT","","","","","","","","","","","","","","","","","","","","","","","","","","","","","","","","","","","","878000","1051000","1097000","1264000","1209000","1236000","1666000","1725000","1774000","1928000","2173000","2529000","2649000","","","","","","","","","","","","","","","",
"Latin America & Caribbean (excluding high income)","LAC","International tourism, number of departures","ST.INT.DPRT","","","","","","","","","","","","","","","","","","","","","","","","","","","","","","","","","","","","118763398.817477","120644690.066817","125441388.43317","126801839.71572","135650716.246936","147337198.074399","143515183.629301","144402340.502194","143844760.786709","151105183.477299","152058277.382356","146278940.640518","134739323.405485","133965255.25088","123534765.639775","119555534.763782","119714980.547613","121265205.039439","127945469.040712","130017235.548037","138914310.285797","147427686.459887","149322519.581283","138523410.944792","132353710.982741","","","",
"Lao PDR","LAO","International tourism, number of departures","ST.INT.DPRT","","","","","","","","","","","","","","","","","","","","","","","","","","","","","","","","","","","","","","","","","","","","","","","","","","","1686000","1788000","2052000","2857000","3320000","3067000","3059000","3049000","3207000","2690000","707000","","",
"Lebanon","LBN","International tourism, number of departures","ST.INT.DPRT","","","","","","","","","","","","","","","","","","","","","","","","","","","","","","","","","","","","","","","","","","","","","","","","","","","","","","","","","","","","","","","",
"Liberia","LBR","International tourism, number of departures","ST.INT.DPRT","","","","","","","","","","","","","","","","","","","","","","","","","","","","","","","","","","","","","","","","","","","","","","","","","","","","","","","","","","","","","","","",
"Libya","LBY","International tourism, number of departures","ST.INT.DPRT","","","","","","","","","","","","","","","","","","","","","","","","","","","","","","","","","","","","484000","493000","650000","","","","","","","","","","","","","","","","","","","","","","","","","",
"St. Lucia","LCA","International tourism, number of departures","ST.INT.DPRT","","","","","","","","","","","","","","","","","","","","","","","","","","","","","","","","","","","","","","","","","","","","","","","","","","","","","","","","","","","","","","","",
"Latin America & Caribbean","LCN","International tourism, number of departures","ST.INT.DPRT","","","","","","","","","","","","","","","","","","","","","","","","","","","","","","","","","","","","122587874.347285","124397030.838068","129286514.72665","131080097.501077","140035995.897865","152083148.406484","147966602.310144","148796394.27917","148266969.715599","155920936.26323","157601258.832106","152165563.918759","141098688.928985","140636724.325006","129886598.006501","126208450.325053","127572515.423514","129608832.98182","137178744.067011","139146199.514476","148044581.040622","156262752.721128","157876705.173055","147336636.60313","140808231.253266","","","",
"Least developed countries: UN classification","LDC","International tourism, number of departures","ST.INT.DPRT","","","","","","","","","","","","","","","","","","","","","","","","","","","","","","","","","","","","","","","","","","","","","","","","","","","","","","","","","","","","","","","",
"Low income","LIC","International tourism, number of departures","ST.INT.DPRT","","","","","","","","","","","","","","","","","","","","","","","","","","","","","","","","","","","","","","","","","","","","","","","","","","","","","","","","","","","","","","","",
"Liechtenstein","LIE","International tourism, number of departures","ST.INT.DPRT","","","","","","","","","","","","","","","","","","","","","","","","","","","","","","","","","","","","","","","","","","","","","","","","","","","","","","","","","","","","","","","",
"Sri Lanka","LKA","International tourism, number of departures","ST.INT.DPRT","","","","","","","","","","","","","","","","","","","","","","","","","","","","","","","","","","","","504000","494000","531000","518000","497000","524000","505000","533000","561000","680000","727000","757000","862000","966000","963000","1122000","1239000","1269000","1262000","1311000","1356000","1448000","1439000","1476000","1441000","305000","","",
"Lower middle income","LMC","International tourism, number of departures","ST.INT.DPRT","","","","","","","","","","","","","","","","","","","","","","","","","","","","","","","","","","","","","","","","","","","","","","","","","","","","","","","","","","","","","","","",
"Low & middle income","LMY","International tourism, number of departures","ST.INT.DPRT","","","","","","","","","","","","","","","","","","","","","","","","","","","","","","","","","","","","263600200.33775","257966834.078142","269640322.426891","276517868.973408","294310725.042202","329000990.501415","333619759.670795","340879864.155455","354603785.011996","388092539.308254","407499032.442594","415532558.106934","425958912.184941","440703404.567984","426014867.503661","451766534.780146","489755957.143934","527665336.652761","583907367.466614","603896267.727098","629577760.300004","664533519.7689","713073639.649456","725777306.167002","743168143.155884","","","",
"Lesotho","LSO","International tourism, number of departures","ST.INT.DPRT","","","","","","","","","","","","","","","","","","","","","","","","","","","","","","","","","","","","","","","","","","","","","","","","","","","","","","","","","","","","","","","",
"Late-demographic dividend","LTE","International tourism, number of departures","ST.INT.DPRT","","","","","","","","","","","","","","","","","","","","","","","","","","","","","","","","","","","","101419542.33728","104477830.270702","111629729.496316","116228580.700148","123988966.30955","137883028.692747","141458819.886796","134483833.368903","136994938.451553","148763314.994449","165706335.351559","181187456.545453","206388068.206352","223951463.105039","207135764.338009","229873413.133351","258667720.999149","287320325.973287","319353415.455815","315858060.863354","329660116.653538","340219982.910912","371666562.672275","393163875.572922","409178637.306052","","","",
"Lithuania","LTU","International tourism, number of departures","ST.INT.DPRT","","","","","","","","","","","","","","","","","","","","","","","","","","","","","","","","","","","","","","","","","","","","","","","4362000","3627000","3847000","3639000","4311000","4020000","4108000","4228000","4292000","3981000","4143000","4294000","4702000","4881000","1643000","","",
"Luxembourg","LUX","International tourism, number of departures","ST.INT.DPRT","","","","","","","","","","","","","","","","","","","","","","","","","","","","","","","","","","","","","","694000","757000","809000","950000","923000","1049000","1021000","1100000","1185000","1084000","1132000","1190000","1362000","1237000","1643000","1580000","1624000","1815000","1702000","1588000","2346000","2510000","2548000","1460000","","",
"Latvia","LVA","International tourism, number of departures","ST.INT.DPRT","","","","","","","","","","","","","","","","","","","","","","","","","","","","","","","","","","","","1812000","1798000","1877000","1961000","2256000","2596000","2697000","2306000","2286000","2457000","2959000","3151000","3398000","3782000","3268000","3332000","3257000","1830000","1776000","1846000","1720000","1939000","2055000","2175000","2384000","690000","","",
"Macao SAR, China","MAC","International tourism, number of departures","ST.INT.DPRT","","","","","","","","","","","","","","","","","","","","","","","","","","","","","","","","","","","","","","","","","","","","","","629000","645000","599000","606000","671000","753000","908000","1291000","1446000","1537000","1466000","1251000","1391000","1780000","1765000","125000","","",
"St. Martin (French part)","MAF","International tourism, number of departures","ST.INT.DPRT","","","","","","","","","","","","","","","","","","","","","","","","","","","","","","","","","","","","","","","","","","","","","","","","","","","","","","","","","","","","","","","",
"Morocco","MAR","International tourism, number of departures","ST.INT.DPRT","","","","","","","","","","","","","","","","","","","","","","","","","","","","","","","","","","","","1317000","1212000","1203000","1275000","1545000","1508000","1701000","1533000","1612000","1603000","2247000","2135000","2669000","3421000","2293000","2175000","2378000","2323000","2195000","1850000","1910000","1864000","1849000","1923000","2009000","646000","","",
"Monaco","MCO","International tourism, number of departures","ST.INT.DPRT","","","","","","","","","","","","","","","","","","","","","","","","","","","","","","","","","","","","","","","","","","","","","","","","","","","","","","","","","","","","","","","",
"Moldova","MDA","International tourism, number of departures","ST.INT.DPRT","","","","","","","","","","","","","","","","","","","","","","","","","","","","","","","","","","","","","","","","","","","","","","","","","","93300.0030517578","117199.996948242","136100.006103516","146800.003051758","157600.006103516","180600.006103516","189800.003051758","177000","229000","264000","311000","75000","","",
"Madagascar","MDG","International tourism, number of departures","ST.INT.DPRT","","","","","","","","","","","","","","","","","","","","","","","","","","","","","","","","","","","","39000","","","","","","","","","","","","","","","","","","","","","","","","","","","",
"Maldives","MDV","International tourism, number of departures","ST.INT.DPRT","","","","","","","","","","","","","","","","","","","","","","","","","","","","","","","","","","","","32000","32000","33000","37000","42000","42000","41000","43000","44000","61000","77000","74000","102000","123000","","","","","","","","","","","","","","",
"Middle East & North Africa","MEA","International tourism, number of departures","ST.INT.DPRT","","","","","","","","","","","","","","","","","","","","","","","","","","","","","","","","","","","","","","","","","","","","","","","","","","","","","","","","","","","","","","","",
"Mexico","MEX","International tourism, number of departures","ST.INT.DPRT","","","","","","","","","","","","","","","","","","","","","","","","","","","","","","","","","","","","103161000","103442000","107242000","107927000","117383000","127268000","123732000","124633000","123015000","128903000","128392000","122022000","109540000","107519000","98228000","91658000","88113000","87332000","90787000","90982000","94988000","97372000","94274000","86280000","82752000","36056000","","",
"Marshall Islands","MHL","International tourism, number of departures","ST.INT.DPRT","","","","","","","","","","","","","","","","","","","","","","","","","","","","","","","","","","","","","","","","","","","","","","","","","","","","","","","","","","","","","","","",
"Middle income","MIC","International tourism, number of departures","ST.INT.DPRT","","","","","","","","","","","","","","","","","","","","","","","","","","","","","","","","","","","","247152043.361268","241631640.213408","252142370.834692","258373822.351197","274313571.394258","306243685.462742","311083867.130869","318157017.889631","330252807.413061","361477105.740401","379523713.213849","387914023.110974","397553172.65039","410031277.031792","396188851.602238","419234983.033019","454402867.633248","489487269.631586","541727738.508343","560270007.046825","584542020.241431","619488840.640295","664720016.672628","676540976.193641","692705030.060628","","","",
"North Macedonia","MKD","International tourism, number of departures","ST.INT.DPRT","","","","","","","","","","","","","","","","","","","","","","","","","","","","","","","","","","","","","","","","","","","","","","","","","","","","","","","","","","","","","","","",
"Mali","MLI","International tourism, number of departures","ST.INT.DPRT","","","","","","","","","","","","","","","","","","","","","","","","","","","","","","","","","","","","","","","","","","","","","","","","","","","","","","","","","","","","","","","",
"Malta","MLT","International tourism, number of departures","ST.INT.DPRT","","","","","","","","","","","","","","","","","","","","","","","","","","","","","","","","","","","","","","","","","","","","","","","","","292000","292000","328000","348000","368000","404000","430000","456000","550000","633000","728000","774000","218000","","",
"Myanmar","MMR","International tourism, number of departures","ST.INT.DPRT","","","","","","","","","","","","","","","","","","","","","","","","","","","","","","","","","","","","","","","","","","","","","","","","","","","","","","","","","","","","","","","",
"Middle East & North Africa (excluding high income)","MNA","International tourism, number of departures","ST.INT.DPRT","","","","","","","","","","","","","","","","","","","","","","","","","","","","","","","","","","","","","","","","","","","","","","","","","","","","","","","","","","","","","","","",
"Montenegro","MNE","International tourism, number of departures","ST.INT.DPRT","","","","","","","","","","","","","","","","","","","","","","","","","","","","","","","","","","","","","","","","","","","","","","","","","","","","","","","","","","","","","","","",
"Mongolia","MNG","International tourism, number of departures","ST.INT.DPRT","","","","","","","","","","","","","","","","","","","","","","","","","","","","","","","","","","","","","","","","","","","","","","","","","","","","","","","","","","","","","","","",
"Northern Mariana Islands","MNP","International tourism, number of departures","ST.INT.DPRT","","","","","","","","","","","","","","","","","","","","","","","","","","","","","","","","","","","","","","","","","","","","","","","","","","","","","","","","","","","","","","","",
"Mozambique","MOZ","International tourism, number of departures","ST.INT.DPRT","","","","","","","","","","","","","","","","","","","","","","","","","","","","","","","","","","","","","","","","","","","","","","","","","","","","","","","","","","","","","","","",
"Mauritania","MRT","International tourism, number of departures","ST.INT.DPRT","","","","","","","","","","","","","","","","","","","","","","","","","","","","","","","","","","","","","","","","","","","","","","","","","","","","","","","","","","","","","","","",
"Mauritius","MUS","International tourism, number of departures","ST.INT.DPRT","","","","","","","","","","","","","","","","","","","","","","","","","","","","","","","","","","","","107000","120000","132000","143000","154000","163000","161000","162000","161000","180000","183000","186000","213000","226000","196000","212000","219000","237000","228000","223000","242000","260000","283000","296000","320000","65000","","",
"Malawi","MWI","International tourism, number of departures","ST.INT.DPRT","","","","","","","","","","","","","","","","","","","","","","","","","","","","","","","","","","","","","","","","","","","","","","","","","","","","","","","","","","","","","","","",
"Malaysia","MYS","International tourism, number of departures","ST.INT.DPRT","","","","","","","","","","","","","","","","","","","","","","","","","","","","","","","","","","","","20642000","23333000","26165000","25631000","26067000","30532000","36248000","29866000","32201000","30761000","","","","","","","","","","","","","","","","","","",
"North America","NAC","International tourism, number of departures","ST.INT.DPRT","","","","","","","","","","","","","","","","","","","","","","","","","","","","","","","","","","","","97468466.5932204","101118053.785024","103327291.630567","108958346.615901","111304509.810631","115824362.923713","111587576.638278","106504719.475192","99923424.9793105","104905071.901498","104333299.761352","195429088.664302","190429282.128913","187919387.241444","177467474.653036","175226064.49891","176030211.649252","181537219.372867","184781813.098876","185469939.018573","186369103.556082","194540598.852474","203037153.631281","196550372.869661","208814202.957126","","","",
"Namibia","NAM","International tourism, number of departures","ST.INT.DPRT","","","","","","","","","","","","","","","","","","","","","","","","","","","","","","","","","","","","","","","","","","","","","","","","","","","","","","","","","","","","","","","",
"New Caledonia","NCL","International tourism, number of departures","ST.INT.DPRT","","","","","","","","","","","","","","","","","","","","","","","","","","","","","","","","","","","","59000","64000","63000","68000","69000","69000","68000","72000","78000","89000","96000","100000","106000","112000","119000","132000","124000","121000","121000","124000","127000","134000","135000","139000","144000","48000","","",
"Niger","NER","International tourism, number of departures","ST.INT.DPRT","","","","","","","","","","","","","","","","","","","","","","","","","","","","","","","","","","","","10000","10000","10000","10000","","","","","","","","","","","","","","","","","","","","","","","","",
"Nigeria","NGA","International tourism, number of departures","ST.INT.DPRT","","","","","","","","","","","","","","","","","","","","","","","","","","","","","","","","","","","","","","","","","","","","","","","","","","","","","","","","","","","","","","","",
"Nicaragua","NIC","International tourism, number of departures","ST.INT.DPRT","","","","","","","","","","","","","","","","","","","","","","","","","","","","","","","","","","","","255000","282000","330000","422000","452000","486000","499000","532000","562000","701000","740000","773000","949000","942000","858000","908000","912000","979000","994000","959000","925000","981000","982000","974000","949000","325000","","",
"Netherlands","NLD","International tourism, number of departures","ST.INT.DPRT","","","","","","","","","","","","","","","","","","","","","","","","","","","","","","","","","","","","12313000","12807000","12858000","13553000","14184000","13896000","14214000","16719000","16425000","17130000","17039000","16695000","17523000","18399000","18340000","18368000","18560000","18628000","18094000","17928000","17535000","18152000","20763000","20981000","22045000","","","",
"Norway","NOR","International tourism, number of departures","ST.INT.DPRT","","","","","","","","","","","","","","","","","","","","","","","","","","","","","","","","","","","","590000","692000","753000","","2271000","2394000","2348000","2629000","2588000","2960000","3166000","3236000","3395000","","6640000","7590000","8130000","9250000","9280000","9190000","8750000","8030000","8170000","8110000","8890000","1690000","","",
"Nepal","NPL","International tourism, number of departures","ST.INT.DPRT","","","","","","","","","","","","","","","","","","","","","","","","","","","","","","","","","","","","100000","119000","132000","122000","125000","155000","200000","238000","258000","286000","373000","415000","469000","561000","589000","765000","774000","862000","983000","","","","1197000","","","","","",
"Nauru","NRU","International tourism, number of departures","ST.INT.DPRT","","","","","","","","","","","","","","","","","","","","","","","","","","","","","","","","","","","","","","","","","","","","","","","","","","","","","","","","","","","","","","","",
"New Zealand","NZL","International tourism, number of departures","ST.INT.DPRT","","","","","","","","","","","","","","","","","","","","","","","","","","","","","","","","","","","","920000","1093000","1132000","1166000","1185000","1283000","1287000","1293000","1374000","1733000","1872000","1861000","1978000","1967000","1918000","2026000","2096000","2172000","2197000","2276000","2412000","2611000","2853000","3038000","3225000","511000","","",
"OECD members","OED","International tourism, number of departures","ST.INT.DPRT","","","","","","","","","","","","","","","","","","","","","","","","","","","","","","","","","","","","","","573108294.340894","605825498.083441","642904827.755098","679677027.63319","667042368.967831","662519504.14338","657584572.52914","680025751.01827","700513025.646572","783842500.681724","782447672.334772","788079466.263377","746445148.537548","750725208.884974","756246597.746272","767313596.513043","786624578.578234","780358507.920115","813932356.283965","849355803.639504","897596488.452157","922286548.239529","936358201.308735","","","",
"Oman","OMN","International tourism, number of departures","ST.INT.DPRT","","","","","","","","","","","","","","","","","","","","","","","","","","","","","","","","","","","","","","","","","","","","","","2496000","2664000","2945000","3100000","2470000","2829000","3341000","3972000","4301000","4727000","5424000","5902000","6368000","5975000","6633000","1657000","","",
"Other small states","OSS","International tourism, number of departures","ST.INT.DPRT","","","","","","","","","","","","","","","","","","","","","","","","","","","","","","","","","","","","","","","","","","","","","","","","","","","","","","","","","","","","","","","",
"Pakistan","PAK","International tourism, number of departures","ST.INT.DPRT","","","","","","","","","","","","","","","","","","","","","","","","","","","","","","","","","","","","","","","","","","","","","","","","","","","","","","","","","","","","","","","",
"Panama","PAN","International tourism, number of departures","ST.INT.DPRT","","","","","","","","","","","","","","","","","","","","","","","","","","","","","","","","","","","","185000","188000","194000","211000","221000","216000","200000","200000","227000","256000","285000","284000","314000","369000","336000","392000","414000","447000","619000","853000","965000","1051000","869000","1020000","1226000","401000","","",
"Peru","PER","International tourism, number of departures","ST.INT.DPRT","","","","","","","","","","","","","","","","","","","","","","","","","","","","","","","","","","","","508000","510000","577000","538000","513000","730000","1060000","1232000","1433000","1635000","1841000","1857000","1915000","1913000","1891000","2058000","2132000","2296000","2364000","2442000","2595000","2751000","2875000","3078000","3275000","791000","","",
"Philippines","PHL","International tourism, number of departures","ST.INT.DPRT","","","","","","","","","","","","","","","","","","","","","","","","","","","","","","","","","","","","1615000","2121000","1930000","1817000","1755000","1670000","1787000","1969000","1803000","1920000","2144000","2745000","3066000","3355000","3188000","","","","","3488000","5115000","5703000","","","","1483000","","",
"Palau","PLW","International tourism, number of departures","ST.INT.DPRT","","","","","","","","","","","","","","","","","","","","","","","","","","","","","","","","","","","","","","","9000","","","","","","","","","","","","","","","","","","","","","","","","",
"Papua New Guinea","PNG","International tourism, number of departures","ST.INT.DPRT","","","","","","","","","","","","","","","","","","","","","","","","","","","","","","","","","","","","51000","","64000","65000","58000","52000","38000","92000","","","","","","","","","","","","","","","","","","","","",
"Poland","POL","International tourism, number of departures","ST.INT.DPRT","","","","","","","","","","","","","","","","","","","","","","","","","","","","","","","","","","","","36387000","44713000","48610000","49328000","55097000","56677000","53122000","45043000","38730000","37226000","40841000","44696000","47561000","50243000","39270000","42760000","43270000","48290000","52580000","35400000","44300000","44500000","46700000","48600000","50600000","","","",
"Pre-demographic dividend","PRE","International tourism, number of departures","ST.INT.DPRT","","","","","","","","","","","","","","","","","","","","","","","","","","","","","","","","","","","","","","","","","","","","","","","","","","","","","","","","","","","","","","","",
"Puerto Rico","PRI","International tourism, number of departures","ST.INT.DPRT","","","","","","","","","","","","","","","","","","","","","","","","","","","","","","","","","","","","1237000","1184000","1251000","1250000","1134000","1259000","1331000","1227000","1272000","1361000","1410000","1468000","1441000","1438000","1116000","980000","924000","876000","839000","793000","746000","789000","792000","","","","","",
"Korea, Dem. People's Rep.","PRK","International tourism, number of departures","ST.INT.DPRT","","","","","","","","","","","","","","","","","","","","","","","","","","","","","","","","","","","","","","","","","","","","","","","","","","","","","","","","","","","","","","","",
"Portugal","PRT","International tourism, number of departures","ST.INT.DPRT","","","","","","","","","","","","","","","","","","","","","","","","","","","","","","","","","","","","","","","","","","","","","","","","","","","","","1361000","1490000","1502000","1893000","1941000","2195000","2486000","3100000","680000","","",
"Paraguay","PRY","International tourism, number of departures","ST.INT.DPRT","","","","","","","","","","","","","","","","","","","","","","","","","","","","","","","","","","","","427000","418000","369000","318000","281000","175000","157000","141000","153000","170000","188000","210000","242000","278000","288000","302000","347000","400000","440000","426000","1008000","1503000","1548000","1266000","1192000","214000","","",
"West Bank and Gaza","PSE","International tourism, number of departures","ST.INT.DPRT","","","","","","","","","","","","","","","","","","","","","","","","","","","","","","","","","","","","","","","","","","","","","","","","","","","","","","","","","","","","","","","",
"Pacific island small states","PSS","International tourism, number of departures","ST.INT.DPRT","","","","","","","","","","","","","","","","","","","","","","","","","","","","","","","","","","","","","","","","","","","","","","","","","","","","","","","","","","","","","","","",
"Post-demographic dividend","PST","International tourism, number of departures","ST.INT.DPRT","","","","","","","","","","","","","","","","","","","","","","","","","","","","","","","","","","","","","","","500282571.587875","526129612.269729","557051074.347646","555272074.781033","567795804.663324","567029753.837191","594526471.933663","613392162.734737","709156453.265939","726390765.956275","731319795.234111","711235050.200311","719820891.258102","734161121.618665","745568404.755788","758156232.252648","763952881.887598","788114608.2064","825414522.098376","874808571.412498","905881478.476755","928930206.150099","","","",
"French Polynesia","PYF","International tourism, number of departures","ST.INT.DPRT","","","","","","","","","","","","","","","","","","","","","","","","","","","","","","","","","","","","63000","65000","","","","","","","","","","","","","88000","89000","84000","83000","","48000","55000","48000","55000","47000","63000","12000","","",
"Qatar","QAT","International tourism, number of departures","ST.INT.DPRT","","","","","","","","","","","","","","","","","","","","","","","","","","","","","","","","","","","","","","","","","","","","","","","","","","","","","","","","","","","","","","","",
"Romania","ROU","International tourism, number of departures","ST.INT.DPRT","","","","","","","","","","","","","","","","","","","","","","","","","","","","","","","","","","","","5737000","5748000","6243000","6893000","6274000","6388000","6408000","5757000","6497000","6972000","7140000","8906000","10980000","13072000","11723000","10905000","10936000","11149000","11364000","12299000","13118000","16128000","19953000","21039000","23066000","9510000","","",
"Russian Federation","RUS","International tourism, number of departures","ST.INT.DPRT","","","","","","","","","","","","","","","","","","","","","","","","","","","","","","","","","","","","21329000","12260000","11182000","10635000","12631000","18371000","18030000","20428000","20572000","24507000","28416000","29107000","34285000","36538000","34276000","39323000","43726000","47813000","54069000","45889000","34550000","31659000","39629000","41964000","45330000","12361000","","",
"Rwanda","RWA","International tourism, number of departures","ST.INT.DPRT","","","","","","","","","","","","","","","","","","","","","","","","","","","","","","","","","","","","","","","","","","","","","","","","","","","","","","","","","","","","","","","",
"South Asia","SAS","International tourism, number of departures","ST.INT.DPRT","","","","","","","","","","","","","","","","","","","","","","","","","","","","","","","","","","","","5180862.0415404","5751421.3729617","6058469.36657798","6278444.04857174","6739016.03899616","7177819.70151495","7315303.87776105","7919088.55177516","8739410.80337686","10087901.4320573","11604810.1766393","13066725.2507228","15516234.9908407","15344379.7705331","17197962.3456774","19412317.0751853","20968725.1513826","22344747.150398","23509162.405027","25813028.7789096","28561108.9773058","30648125.4072691","33358092.5852189","36499131.1668386","37266648.5441047","","","",
"Saudi Arabia","SAU","International tourism, number of departures","ST.INT.DPRT","","","","","","","","","","","","","","","","","","","","","","","","","","","","","","","","","","","","","","","","","","","","","4234000","5009000","2336000","4817000","4705000","6467000","18625000","15865399.4140625","20084259.765625","22535457.03125","22322601.5625","25054000","27618000","28748000","27425000","27196000","","","",
"Sudan","SDN","International tourism, number of departures","ST.INT.DPRT","","","","","","","","","","","","","","","","","","","","","","","","","","","","","","","","","","","","195000","","","","","","","","","","","","","","","","","","","","","","","","","","","",
"Senegal","SEN","International tourism, number of departures","ST.INT.DPRT","","","","","","","","","","","","","","","","","","","","","","","","","","","","","","","","","","","","","","","","","","","","","","","","","","","","","","","","","","","","","","","",
"Singapore","SGP","International tourism, number of departures","ST.INT.DPRT","","","","","","","","","","","","","","","","","","","","","","","","","","","","","","","","","","","","2867000","3305000","3671000","3745000","3971000","4444000","4363000","4399000","4221000","5165000","5159000","5533000","6024000","6828000","6961000","7342000","7753000","8048000","8647000","8903000","9125000","9474000","9889000","10378000","10711000","1543000","","",
"Solomon Islands","SLB","International tourism, number of departures","ST.INT.DPRT","","","","","","","","","","","","","","","","","","","","","","","","","","","","","","","","","","","","","","","","","","","","","","","","","","","","","","","","","","","","","","","",
"Sierra Leone","SLE","International tourism, number of departures","ST.INT.DPRT","","","","","","","","","","","","","","","","","","","","","","","","","","","","","","","","","","","","","","6000","7000","13000","13000","20000","27000","13000","28000","63000","67000","71000","73000","72000","76000","99000","104000","111000","93000","61000","92000","110000","112000","122000","","","",
"El Salvador","SLV","International tourism, number of departures","ST.INT.DPRT","","","","","","","","","","","","","","","","","","","","","","","","","","","","","","","","","","","","348000","492000","627000","868000","787000","923000","933000","1001000","940000","1079000","1239000","1242000","1012000","","1345000","1421000","1469000","1462000","1515000","1515000","1618000","1804000","1871000","1788000","1899000","515000","","",
"San Marino","SMR","International tourism, number of departures","ST.INT.DPRT","","","","","","","","","","","","","","","","","","","","","","","","","","","","","","","","","","","","","","","","","","","","","","","","","","","","","","","","","","","","","","","",
"Somalia","SOM","International tourism, number of departures","ST.INT.DPRT","","","","","","","","","","","","","","","","","","","","","","","","","","","","","","","","","","","","","","","","","","","","","","","","","","","","","","","","","","","","","","","",
"Serbia","SRB","International tourism, number of departures","ST.INT.DPRT","","","","","","","","","","","","","","","","","","","","","","","","","","","","","","","","","","","","","","","","","","","","","","","","","","","","","","","","","","","","","","","",
"Sub-Saharan Africa (excluding high income)","SSA","International tourism, number of departures","ST.INT.DPRT","","","","","","","","","","","","","","","","","","","","","","","","","","","","","","","","","","","","","","","","","","","","","","","","","","","","","","","","","","","","","","","",
"South Sudan","SSD","International tourism, number of departures","ST.INT.DPRT","","","","","","","","","","","","","","","","","","","","","","","","","","","","","","","","","","","","","","","","","","","","","","","","","","","","","","","","","","","","","","","",
"Sub-Saharan Africa","SSF","International tourism, number of departures","ST.INT.DPRT","","","","","","","","","","","","","","","","","","","","","","","","","","","","","","","","","","","","","","","","","","","","","","","","","","","","","","","","","","","","","","","",
"Small states","SST","International tourism, number of departures","ST.INT.DPRT","","","","","","","","","","","","","","","","","","","","","","","","","","","","","","","","","","","","","","","","","","","","","","","","","","","","","","","","","","","","","","","",
"Sao Tome and Principe","STP","International tourism, number of departures","ST.INT.DPRT","","","","","","","","","","","","","","","","","","","","","","","","","","","","","","","","","","","","","","","","","","","","","","","","8600.00038146973","10300.0001907349","","","","","","","","","","","","","","",
"Suriname","SUR","International tourism, number of departures","ST.INT.DPRT","","","","","","","","","","","","","","","","","","","","","","","","","","","","","","","","","","","","","","","","","","","","","","","","","","","","","","","","","","","","","","","",
"Slovak Republic","SVK","International tourism, number of departures","ST.INT.DPRT","","","","","","","","","","","","","","","","","","","","","","","","","","","","","","","","","","","","","","","","","","","","","","2987000","3149000","3603000","3683000","3230000","2692000","3285000","2689000","2129000","2406000","2777000","3095000","3870000","4662000","5214000","","","",
"Slovenia","SVN","International tourism, number of departures","ST.INT.DPRT","","","","","","","","","","","","","","","","","","","","","","","","","","","","","","","","","","","","","","","","","","","","","","6736000","6814000","5569000","5490000","5575000","5340000","5073000","4465000","4440000","4672000","4909000","5408000","5410000","5409000","6049000","1892000","","",
"Sweden","SWE","International tourism, number of departures","ST.INT.DPRT","","","","","","","","","","","","","","","","","","","","","","","","","","","","","","","","","","","","","","","","","","","","","","","","","","","","","","","","","","22121000","19939000","19061000","6081000","","",
"Eswatini","SWZ","International tourism, number of departures","ST.INT.DPRT","","","","","","","","","","","","","","","","","","","","","","","","","","","","","","","","","","","","","","","","","","","","","","1082000","1072000","1130000","1177000","1245000","1141000","1264000","1403000","1573000","1657000","1713000","1789000","1751000","1717000","1721000","488000","","",
"Sint Maarten (Dutch part)","SXM","International tourism, number of departures","ST.INT.DPRT","","","","","","","","","","","","","","","","","","","","","","","","","","","","","","","","","","","","","","","","","","","","","","","","","","","","","","","","","","","","","","","",
"Seychelles","SYC","International tourism, number of departures","ST.INT.DPRT","","","","","","","","","","","","","","","","","","","","","","","","","","","","","","","","","","","","31000","29000","30000","31000","32000","36000","41000","53000","50000","48000","52000","55000","58000","54000","49000","59000","48000","45000","47000","50000","56000","68000","74000","72000","76000","19000","","",
"Syrian Arab Republic","SYR","International tourism, number of departures","ST.INT.DPRT","","","","","","","","","","","","","","","","","","","","","","","","","","","","","","","","","","","","1746000","1871000","2299000","2411000","2994000","3863000","3492000","3299000","3997000","4309000","4564000","4042000","4196000","5253000","5215000","6259000","","","","","","","","","","","","",
"Turks and Caicos Islands","TCA","International tourism, number of departures","ST.INT.DPRT","","","","","","","","","","","","","","","","","","","","","","","","","","","","","","","","","","","","","","","","","","","","","","","","","","","","","","","","","","","","","","","",
"Chad","TCD","International tourism, number of departures","ST.INT.DPRT","","","","","","","","","","","","","","","","","","","","","","","","","","","","","","","","","","","","","","","","","","","","","","","","","58000","66000","39000","76000","79000","","","","56000","52000","","","5500","","",
"East Asia & Pacific (IDA & IBRD countries)","TEA","International tourism, number of departures","ST.INT.DPRT","","","","","","","","","","","","","","","","","","","","","","","","","","","","","","","","","","","","18266208.5663235","20667597.4655224","22403418.5882078","23806450.6994927","24718026.0342553","28433416.0347656","33192114.1271828","32773176.5505007","36379886.768718","41526785.5840259","45087027.3527513","51153567.7841165","59704120.3731771","65407741.2878269","67057893.7872915","80833199.9354773","96258329.793876","112438994.682734","131359279.182833","153425771.652599","168142535.785341","178896138.02179","189774542.047939","199745794.687644","207926772.179593","","","",
"Europe & Central Asia (IDA & IBRD countries)","TEC","International tourism, number of departures","ST.INT.DPRT","","","","","","","","","","","","","","","","","","","","","","","","","","","","","","","","","","","","","","103902240.64595","105590705.729967","115387853.25338","126523625.567752","120107914.451003","116180035.96669","111527590.859262","118880525.378158","131897897.91164","142195981.623129","154147831.670128","161440288.618398","147862320.857775","159956286.406538","173796366.803685","187912954.979517","207108018.701058","178269882.990996","180141229.278772","181773707.044354","204344687.053711","218948144.645172","230131574.320451","","","",
"Togo","TGO","International tourism, number of departures","ST.INT.DPRT","","","","","","","","","","","","","","","","","","","","","","","","","","","","","","","","","","","","","","","","","","","","","","","","","","","","","","","","","191000","216000","236000","269000","","","",
"Thailand","THA","International tourism, number of departures","ST.INT.DPRT","","","","","","","","","","","","","","","","","","","","","","","","","","","","","","","","","","","","1820000","1845000","1660000","1412000","1655000","1909000","2011000","2250000","2152000","2709000","3047000","3382000","4018000","3908000","4653000","5451000","5397000","5721000","5970000","6444000","6794000","8204000","8963000","9966000","10446000","","","",
"Tajikistan","TJK","International tourism, number of departures","ST.INT.DPRT","","","","","","","","","","","","","","","","","","","","","","","","","","","","","","","","","","","","","","","","4099.99990463257","6400.00009536743","2700.00004768372","","","","","","","","","","","15000","15000","19000","16000","22000","31000","31000","","","","",
"Turkmenistan","TKM","International tourism, number of departures","ST.INT.DPRT","","","","","","","","","","","","","","","","","","","","","","","","","","","","","","","","","","","","21000","29000","31000","357000","","78000","111000","79000","34000","32000","33000","33000","38000","","","","","","","","","","","","","","","",
"Latin America & the Caribbean (IDA & IBRD countries)","TLA","International tourism, number of departures","ST.INT.DPRT","","","","","","","","","","","","","","","","","","","","","","","","","","","","","","","","","","","","121070365.873895","122936270.003109","127736934.253233","129518304.86063","138591069.865953","150447226.445334","146275813.679943","147227983.985087","146648261.248282","154187895.501254","155775205.444687","150244605.82194","139215149.065192","138747910.143909","128358406.489759","124763533.789758","126189114.543304","128321824.522616","135844979.560643","137786239.705905","146490002.053908","154854095.3415","156386723.314085","145817951.477452","139218767.452109","","","",
"Timor-Leste","TLS","International tourism, number of departures","ST.INT.DPRT","","","","","","","","","","","","","","","","","","","","","","","","","","","","","","","","","","","","","","","","","","","","","","","","","","","","","","","","","","","","","","","",
"Middle East & North Africa (IDA & IBRD countries)","TMN","International tourism, number of departures","ST.INT.DPRT","","","","","","","","","","","","","","","","","","","","","","","","","","","","","","","","","","","","","","","","","","","","","","","","","","","","","","","","","","","","","","","",
"Tonga","TON","International tourism, number of departures","ST.INT.DPRT","","","","","","","","","","","","","","","","","","","","","","","","","","","","","","","","","","","","","","","","","","","","","","","","","","","","","","","","","","","","","","","",
"South Asia (IDA & IBRD)","TSA","International tourism, number of departures","ST.INT.DPRT","","","","","","","","","","","","","","","","","","","","","","","","","","","","","","","","","","","","5104212.17752535","5666330.19265309","5968835.46987043","6185555.66847389","6639313.5842999","7071625.23047243","7207075.3545996","7801927.14972473","8610112.89035016","9938652.85783077","11433119.2273672","12873405.5472527","15286675.258785","15117362.6036261","16943521.7787287","19125115.5531028","20658496.8691903","22014160.8856421","23161348.8390597","25431129.9501325","28138552.8270597","30194692.2477008","32864565.9790369","35959133.4949891","36715295.5993054","","","",
"Sub-Saharan Africa (IDA & IBRD countries)","TSS","International tourism, number of departures","ST.INT.DPRT","","","","","","","","","","","","","","","","","","","","","","","","","","","","","","","","","","","","","","","","","","","","","","","","","","","","","","","","","","","","","","","",
"Trinidad and Tobago","TTO","International tourism, number of departures","ST.INT.DPRT","","","","","","","","","","","","","","","","","","","","","","","","","","","","","","","","","","","","261000","248000","","","","","","","","","","","","","270000","273000","","","","","","","","","","","","",
"Tunisia","TUN","International tourism, number of departures","ST.INT.DPRT","","","","","","","","","","","","","","","","","","","","","","","","","","","","","","","","","","","","1778000","1428000","1381000","1526000","1480000","1632000","1669000","1939000","2274000","2312000","2241000","2302000","2743000","3118000","2623000","2250000","2303000","2897000","2873000","2637000","","1830000","","2515000","2781000","739000","","",
"Turkiye","TUR","International tourism, number of departures","ST.INT.DPRT","","","","","","","","","","","","","","","","","","","","","","","","","","","","","","","","","","","","3981000","4261000","4633000","4601000","4758000","5284000","4856000","5131000","5928000","7299000","8246000","8275000","4956000","4893000","5561000","6557000","6282000","5803000","7526000","7982000","8751000","7892000","8887000","8383000","9651000","2243000","","",
"Tuvalu","TUV","International tourism, number of departures","ST.INT.DPRT","","","","","","","","","","","","","","","","","","","","","","","","","","","","","","","","","","","","","","","1899.99997615814","2200.00004768372","2900.00009536743","2799.99995231628","2700.00004768372","2599.99990463257","2299.99995231628","2200.00004768372","2000","2400.00009536743","","","","2099.99990463257","","","","","","","","","","","",
"Tanzania","TZA","International tourism, number of departures","ST.INT.DPRT","","","","","","","","","","","","","","","","","","","","","","","","","","","","","","","","","","","","157000","148000","","","","","","","","","","","","","","","","","","","","","","","","","","",
"Uganda","UGA","International tourism, number of departures","ST.INT.DPRT","","","","","","","","","","","","","","","","","","","","","","","","","","","","","","","","","","","","","","148000","241000","327000","153000","152000","184000","189000","231000","189000","254000","272000","337000","311000","324000","367000","469000","471000","511000","523000","568000","","","","","","",
"Ukraine","UKR","International tourism, number of departures","ST.INT.DPRT","","","","","","","","","","","","","","","","","","","","","","","","","","","","","","","","","","","","","","","","","","","","","","","","17866000","16100000","15961000","17741000","20335000","21755000","23988000","22637000","23336000","25226000","27067000","27977000","29346000","11251000","","",
"Upper middle income","UMC","International tourism, number of departures","ST.INT.DPRT","","","","","","","","","","","","","","","","","","","","","","","","","","","","","","","","","","","","173324641.801636","168856922.022054","176481949.848471","180365853.073927","191743121.316043","214986549.545666","217718328.487477","221251780.064017","228983477.618726","250002201.941092","260450505.980148","263308137.532276","265937982.2091","276363701.227691","266022166.843657","280739180.579274","301908358.938651","324451951.44346","359284803.389127","373138094.885486","385909894.972583","404756512.811824","433512501.249671","435778612.756818","444865191.833333","","","",
"Uruguay","URY","International tourism, number of departures","ST.INT.DPRT","","","","","","","","","","","","","","","","","","","","","","","","","","","","","","","","","","","","","","562000","654000","778000","667000","531000","530000","495000","569000","658000","666000","635000","734000","826000","1027000","1534000","1816000","2281000","2396000","2217000","1715000","1789000","1947000","2199000","","","",
"United States","USA","International tourism, number of departures","ST.INT.DPRT","","","","","","","","","","","","","","","","","","","","","","","","","","","","","","","","","","","","74031000","76803000","78481000","82758000","84540000","87973000","84755000","80883000","75880000","79655000","79215000","148511000","140364000","136148000","129954000","121574000","114089000","116329000","118968000","121699000","130364000","141526000","148045000","158445406.25","170930093.75","60549898.4375","","",
"Uzbekistan","UZB","International tourism, number of departures","ST.INT.DPRT","","","","","","","","","","","","","","","","","","","","","","","","","","","","","","","","","","","","","","246000","247000","202000","217000","183000","264000","400000","455000","572000","893000","1248000","1150000","1317000","1610000","","","3117000","2786000","3491000","3848000","5182000","8594000","8437000","","","",
"St. Vincent and the Grenadines","VCT","International tourism, number of departures","ST.INT.DPRT","","","","","","","","","","","","","","","","","","","","","","","","","","","","","","","","","","","","","","","","","","","","","","","","","","","","","","","","","","","","","","","",
"Venezuela, RB","VEN","International tourism, number of departures","ST.INT.DPRT","","","","","","","","","","","","","","","","","","","","","","","","","","","","","","","","","","","","534000","511000","460000","752000","754000","954000","933000","881000","832000","816000","1067000","1095000","1410000","1745000","1651000","1477000","1719000","1734000","1931000","1589000","1539000","1530000","1079000","","","","","",
"British Virgin Islands","VGB","International tourism, number of departures","ST.INT.DPRT","","","","","","","","","","","","","","","","","","","","","","","","","","","","","","","","","","","","","","","","","","","","","","","171000","166000","166000","140000","151000","145000","139000","","","","","","","","","","",
"Virgin Islands (U.S.)","VIR","International tourism, number of departures","ST.INT.DPRT","","","","","","","","","","","","","","","","","","","","","","","","","","","","","","","","","","","","","","","","","","","","","","","","","","","","","","","","","","","","","","","",
"Viet Nam","VNM","International tourism, number of departures","ST.INT.DPRT","","","","","","","","","","","","","","","","","","","","","","","","","","","","","","","","","","","","","","","","","","","","","","","","","","","","","","","","","","","","","","","",
"Vanuatu","VUT","International tourism, number of departures","ST.INT.DPRT","","","","","","","","","","","","","","","","","","","","","","","","","","","","","","","","","","","","11000","11000","11000","12000","12000","12000","11000","11000","12000","13000","14000","15000","16000","19000","20000","21000","22000","23000","26000","26000","27000","20299.9992370605","26299.9992370605","28399.9996185303","36400.0015258789","9399.99961853027","","",
"World","WLD","International tourism, number of departures","ST.INT.DPRT","","","","","","","","","","","","","","","","","","","","","","","","","","","","","","","","","","","","","","930066023.119418","982125955.071351","1043185310.63002","1122419166.95385","1121398703.97991","1127808612.10395","1130457013.89048","1201164309.27279","1254803571.94802","1383150801.52998","1425571395.95709","1453143997.14176","1397423333.50426","1457015079.9153","1504559275.56247","1564352744.61604","1641229335.67586","1651310269.20368","1744980358.24725","1820356515.25154","1934268135.44766","1991161436.61296","2034431899.10226","","","",
"Samoa","WSM","International tourism, number of departures","ST.INT.DPRT","","","","","","","","","","","","","","","","","","","","","","","","","","","","","","","","","","","","","","","","58000","61000","56000","53000","51000","54000","52000","51000","52000","53000","43000","56000","57000","56000","51000","57000","54000","","55000","64000","69000","18500","","",
"Kosovo","XKX","International tourism, number of departures","ST.INT.DPRT","","","","","","","","","","","","","","","","","","","","","","","","","","","","","","","","","","","","","","","","","","","","","","","","","","","","","","","","","","","","","","","",
"Yemen, Rep.","YEM","International tourism, number of departures","ST.INT.DPRT","","","","","","","","","","","","","","","","","","","","","","","","","","","","","","","","","","","","","","","","","","","","","","","","","","","","","","","","","","","","","","","",
"South Africa","ZAF","International tourism, number of departures","ST.INT.DPRT","","","","","","","","","","","","","","","","","","","","","","","","","","","","","","","","","","","","","","","","","","","","","","","","","","","","","","","","","","","","","","","",
"Zambia","ZMB","International tourism, number of departures","ST.INT.DPRT","","","","","","","","","","","","","","","","","","","","","","","","","","","","","","","","","","","","","","","","","","","","","","","","","","","","","","","","","","","","","","","",
"Zimbabwe","ZWE","International tourism, number of departures","ST.INT.DPRT","","","","","","","","","","","","","","","","","","","","","","","","","","","","","","","","","","","","256000","69000","123000","213000","331000","","","","386000","498000","474000","541000","547000","593000","631000","650000","693000","720000","2946000","3182000","3393000","3192000","2768000","2288000","3275000","","","",
