"Country Name","Country Code","Indicator Name","Indicator Code","1960","1961","1962","1963","1964","1965","1966","1967","1968","1969","1970","1971","1972","1973","1974","1975","1976","1977","1978","1979","1980","1981","1982","1983","1984","1985","1986","1987","1988","1989","1990","1991","1992","1993","1994","1995","1996","1997","1998","1999","2000","2001","2002","2003","2004","2005","2006","2007","2008","2009","2010","2011","2012","2013","2014","2015","2016","2017","2018","2019","2020","2021","2022",
"Aruba","ABW","Educational attainment, at least Bachelor's or equivalent, population 25+, total (%) (cumulative)","SE.TER.CUAT.BA.ZS","","","","","","","","","","","","","","","","","","","","","","","","","","","","","","","","7.18651008605957","","","","","","","","","16.3950805664062","","","","","","","","","","12.8242998123169","","","","","","","","","","","","",
"Africa Eastern and Southern","AFE","Educational attainment, at least Bachelor's or equivalent, population 25+, total (%) (cumulative)","SE.TER.CUAT.BA.ZS","","","","","","","","","","","","","","","","","","","","","","","","","","","","","","","","","","","","","","","","","","","","","","","","","","","","","","","","","","","","","","","",
"Afghanistan","AFG","Educational attainment, at least Bachelor's or equivalent, population 25+, total (%) (cumulative)","SE.TER.CUAT.BA.ZS","","","","","","","","","","","","","","","","","","","","","","","","","","","","","","","","","","","","","","","","","","","","","","","","","","","","","","","","","","","","","","3.06798005104065","3.98425006866455",
"Africa Western and Central","AFW","Educational attainment, at least Bachelor's or equivalent, population 25+, total (%) (cumulative)","SE.TER.CUAT.BA.ZS","","","","","","","","","","","","","","","","","","","","","","","","","","","","","","","","","","","","","","","","","","","","","","","","","","","","","","","","","","","","","","","",
"Angola","AGO","Educational attainment, at least Bachelor's or equivalent, population 25+, total (%) (cumulative)","SE.TER.CUAT.BA.ZS","","","","","","","","","","","","","","","","","","","","","","","","","","","","","","","","","","","","","","","","","","","","","","","","","","","","","","","2.63389992713928","1.99752998352051","","","","","","","",
"Albania","ALB","Educational attainment, at least Bachelor's or equivalent, population 25+, total (%) (cumulative)","SE.TER.CUAT.BA.ZS","","","","","","","","","","","","","","","","","","","","","","","","","","","","","","","","","","","","","","","","","","7.42787981033325","","","","","","","9.81618022918701","","","12.0026302337646","12.8996601104736","","","","","16.1501998901367","","","","","",
"Andorra","AND","Educational attainment, at least Bachelor's or equivalent, population 25+, total (%) (cumulative)","SE.TER.CUAT.BA.ZS","","","","","","","","","","","","","","","","","","","","","","","","","","","","","","","","","","","","","","","","","","","","","16.3115901947021","17.1976699829102","17.9923400878906","","","","","","","","21.2506504058838","21.1291103363037","21.0465507507324","","","","","","25.0374794006348",
"Arab World","ARB","Educational attainment, at least Bachelor's or equivalent, population 25+, total (%) (cumulative)","SE.TER.CUAT.BA.ZS","","","","","","","","","","","","","","","","","","","","","","","","","","","","","","","","","","","","","","","","","","","","","","","","","","","","","","","","","","","","","","","",
"United Arab Emirates","ARE","Educational attainment, at least Bachelor's or equivalent, population 25+, total (%) (cumulative)","SE.TER.CUAT.BA.ZS","","","","","","","","","","","","","","","","","","","","","","","","","","","","","","","","","","","","","","","","","","","","","","","","","","","","","","","","","31.6904792785645","46.56201171875","47.2930297851562","46.6314582824707","","47.1825294494629","",
"Argentina","ARG","Educational attainment, at least Bachelor's or equivalent, population 25+, total (%) (cumulative)","SE.TER.CUAT.BA.ZS","","","","","","","","","","","","","","","","","","","","","","","","","","","","","","","","","","","","","","","","","","","","","","","","","","","","","","","","","","","","","","","",
"Armenia","ARM","Educational attainment, at least Bachelor's or equivalent, population 25+, total (%) (cumulative)","SE.TER.CUAT.BA.ZS","","","","","","","","","","","","","","","","","","","","","","","","","","","","","","","","","","","","","","","","","","20.3565502166748","","","","","","","","","","24.4233798980713","","","","27.3100204467773","24.1347694396973","24.3800601959229","","","24.2097206115723","","",
"American Samoa","ASM","Educational attainment, at least Bachelor's or equivalent, population 25+, total (%) (cumulative)","SE.TER.CUAT.BA.ZS","","","","","","","","","","","","","","","","","","","","","","","","","","","","","","","","","","","","","","","","","","","","","","","","","","","","","","","","","","","","","","","",
"Antigua and Barbuda","ATG","Educational attainment, at least Bachelor's or equivalent, population 25+, total (%) (cumulative)","SE.TER.CUAT.BA.ZS","","","","","","","","","","","","","","","","","","","","","","","","","","","","","","","","","","","","","","","","","","","","","","","","","","","","","","","","","","","","","","","",
"Australia","AUS","Educational attainment, at least Bachelor's or equivalent, population 25+, total (%) (cumulative)","SE.TER.CUAT.BA.ZS","","","","","","","","","","","","","","","","","","","","","","","","","","","","","","","","","","","","","","","","","","","","","","","","","","","","","","26.7437896728516","28.6151294708252","29.7797794342041","30.0298099517822","31.3911895751953","31.7493305206299","33.0947799682617","35.0234107971191","","",
"Austria","AUT","Educational attainment, at least Bachelor's or equivalent, population 25+, total (%) (cumulative)","SE.TER.CUAT.BA.ZS","","","","","","","","","","","","","","","","","","","","","","","","","","","","","","","","","","","","","","","","","","","","","","","","","","","","","","","11.8733901977539","13.0816698074341","13.4557199478149","14.2486295700073","","15.3636302947998","","","",
"Azerbaijan","AZE","Educational attainment, at least Bachelor's or equivalent, population 25+, total (%) (cumulative)","SE.TER.CUAT.BA.ZS","","","","","","","","","","","","","","","","","","","","","","","","","","","","","","","","","","","","","","","","","","","","","","","","","","","","","","15.6640901565552","15.6814498901367","15.6877899169922","15.7419004440308","15.71702003479","15.7300701141357","15.7220296859741","","","",
"Burundi","BDI","Educational attainment, at least Bachelor's or equivalent, population 25+, total (%) (cumulative)","SE.TER.CUAT.BA.ZS","","","","","","","","","","","","","","","","","","","","","","","","","","","","","","","","","","","","","","","","","","","","","","","","","","","","","","","0.805499970912933","","","0.908619999885559","","","","","",
"Belgium","BEL","Educational attainment, at least Bachelor's or equivalent, population 25+, total (%) (cumulative)","SE.TER.CUAT.BA.ZS","","","","","","","","","","","","","","","","","","","","","","","","","","","","","","","","","","","","","","","","","","","","","","","","","","","","","","30.2483501434326","31.2590198516846","31.7094802856445","32.1669616699219","34.68994140625","","35.3040084838867","","","",
"Benin","BEN","Educational attainment, at least Bachelor's or equivalent, population 25+, total (%) (cumulative)","SE.TER.CUAT.BA.ZS","","","","","","","","","","","","","","","","","","","","","","","","","","","","","","","","","","","","","","","","","","","","","","","","","","","","","","","","","","2.53311991691589","","3.54480004310608","","","",
"Burkina Faso","BFA","Educational attainment, at least Bachelor's or equivalent, population 25+, total (%) (cumulative)","SE.TER.CUAT.BA.ZS","","","","","","","","","","","","","","","","","","","","","","","","","","","","","","","","","","","","","","","","","","","","","","","","","","","","","","","0","","","","2.14627003669739","2.11959004402161","","","",
"Bangladesh","BGD","Educational attainment, at least Bachelor's or equivalent, population 25+, total (%) (cumulative)","SE.TER.CUAT.BA.ZS","","","","","","","","","","","","","","","","","","","","","","","","","","","","","","","","","","","","","","","","","","","","","","","","","","","","5.69386005401611","5.87041997909546","5.50231981277466","5.85213994979858","8.23713970184326","8.50959968566895","8.97688007354736","9.36174011230469","9.76054954528809","","","",
"Bulgaria","BGR","Educational attainment, at least Bachelor's or equivalent, population 25+, total (%) (cumulative)","SE.TER.CUAT.BA.ZS","","","","","","","","","","","","","","","","5.48691987991333","","","","","","","","","","","","","","","","","15.0390901565552","","","","","","","","","18.0455703735352","","","","","19.5046501159668","19.8160705566406","20.1886596679688","20.5309906005859","20.7176494598389","20.8099594116211","21.5111198425293","22.9197101593018","24.063060760498","24.4709796905518","24.6281509399414","24.7128791809082","","","26.0534706115723","","",
"Bahrain","BHR","Educational attainment, at least Bachelor's or equivalent, population 25+, total (%) (cumulative)","SE.TER.CUAT.BA.ZS","","","","","","","","","","","","","","","","","","","","","","","","","","","","","","","","","","","","","","","","","","","","","","","","","","","9.47933006286621","","","","","","14.2819995880127","14.3398103713989","21.6051292419434","","23.3337593078613","","",
"Bahamas, The","BHS","Educational attainment, at least Bachelor's or equivalent, population 25+, total (%) (cumulative)","SE.TER.CUAT.BA.ZS","","","","","","","","","","","","","","","","","","","","","","","","","","","","","","","","","","","","","","","","","0.341149985790253","","","","","","","","","","15.227879524231","","","","","","","","","","","","",
"Bosnia and Herzegovina","BIH","Educational attainment, at least Bachelor's or equivalent, population 25+, total (%) (cumulative)","SE.TER.CUAT.BA.ZS","","","","","","","","","","","","","","","","","","","","","","","","","","","","","","","","","","","","","","","","","","","","","","","","","","","5.72868013381958","6.17052984237671","","","7.8253698348999","7.54916000366211","8.37728023529053","","7.74765014648438","","10.5902099609375","","",
"Belarus","BLR","Educational attainment, at least Bachelor's or equivalent, population 25+, total (%) (cumulative)","SE.TER.CUAT.BA.ZS","","","","","","","","","","","5.34779977798462","","","","","","","","","","","","","","","","","","","12.4812498092651","","","","","","","","","","","","","","","","","","","","21.959379196167","","","","","","","","","","28.303539276123","","","",
"Belize","BLZ","Educational attainment, at least Bachelor's or equivalent, population 25+, total (%) (cumulative)","SE.TER.CUAT.BA.ZS","","","","","","","","","","","","","","","","","","","","","","","","","","","","","","","","","","","","","","","","","","","","","","","","","","","5.7185001373291","","","","","2.56925010681152","","","","","7.88255977630615","","",
"Bermuda","BMU","Educational attainment, at least Bachelor's or equivalent, population 25+, total (%) (cumulative)","SE.TER.CUAT.BA.ZS","","","","","","","","","","","","","","","","","","","","","","","","","","","","","","","","","","","","","","","","","","","","","","","","","","","28.326150894165","","","","","","31.1083793640137","","","","","","",
"Bolivia","BOL","Educational attainment, at least Bachelor's or equivalent, population 25+, total (%) (cumulative)","SE.TER.CUAT.BA.ZS","","","","","","","","","","","","","","","","","","","","","","","","","","","","","","","","","","","","","","","","","","","","","","","","","","","","","","","","22.3332405090332","","","","24.6986598968506","26.8230495452881","","",
"Brazil","BRA","Educational attainment, at least Bachelor's or equivalent, population 25+, total (%) (cumulative)","SE.TER.CUAT.BA.ZS","","","","","","","","","","","","","","","","","","","","","","","","","","","","","","","","","","","","","","","","","","","","","","","","","","","","","","","","","15.3451795578003","15.734580039978","16.5433902740479","","","","",
"Barbados","BRB","Educational attainment, at least Bachelor's or equivalent, population 25+, total (%) (cumulative)","SE.TER.CUAT.BA.ZS","","","","","","","","","","","","","","","","","","","","","","","","","","","","","","","","","","","","","","","","","1.05823004245758","","","","","","","","","","","","","","","","","","","","","","",
"Brunei Darussalam","BRN","Educational attainment, at least Bachelor's or equivalent, population 25+, total (%) (cumulative)","SE.TER.CUAT.BA.ZS","","","","","","","","","","","","","","","","","","","","","","","","","","","","","","","","","","","","","","","","","","","","","","","","","","","","11.1140298843384","","","","","","","","","","","",
"Bhutan","BTN","Educational attainment, at least Bachelor's or equivalent, population 25+, total (%) (cumulative)","SE.TER.CUAT.BA.ZS","","","","","","","","","","","","","","","","","","","","","","","","","","","","","","","","","","","","","","","","","","","","","","","","","","","","","4.54776000976562","","","","","10.1993703842163","","","","","",
"Botswana","BWA","Educational attainment, at least Bachelor's or equivalent, population 25+, total (%) (cumulative)","SE.TER.CUAT.BA.ZS","","","","","","","","","","","","","","","","","","","","","","","","","","","","","","","","","","","","","","","","","","","","","","","","","","","","","","","","","","","","","","","",
"Central African Republic","CAF","Educational attainment, at least Bachelor's or equivalent, population 25+, total (%) (cumulative)","SE.TER.CUAT.BA.ZS","","","","","","","","","","","","","","","","","","","","","","","","","","","","","","","","","","","","","","","","","","","","","","","","","","","","","","","","","","","","1.81203997135162","","","",
"Canada","CAN","Educational attainment, at least Bachelor's or equivalent, population 25+, total (%) (cumulative)","SE.TER.CUAT.BA.ZS","","","","","","","","","","","","","","","","","","","","","","","","","","","","","","","","","","","","","","","","","","","","","","","","","","","","","","","","","25.7544403076172","","","","","","",
"Central Europe and the Baltics","CEB","Educational attainment, at least Bachelor's or equivalent, population 25+, total (%) (cumulative)","SE.TER.CUAT.BA.ZS","","","","","","","","","","","","","","","","","","","","","","","","","","","","","","","","","","","","","","","","","","","","","","","","","","","","","","","","","","","","","","","",
"Switzerland","CHE","Educational attainment, at least Bachelor's or equivalent, population 25+, total (%) (cumulative)","SE.TER.CUAT.BA.ZS","","","","","","","","","","","","","","","","","","","","","","","","","","","","","","","","","","","","","","","","","","","","","","","","","","","","","","","","","","","","","","","",
"Channel Islands","CHI","Educational attainment, at least Bachelor's or equivalent, population 25+, total (%) (cumulative)","SE.TER.CUAT.BA.ZS","","","","","","","","","","","","","","","","","","","","","","","","","","","","","","","","","","","","","","","","","","","","","","","","","","","","","","","","","","","","","","","",
"Chile","CHL","Educational attainment, at least Bachelor's or equivalent, population 25+, total (%) (cumulative)","SE.TER.CUAT.BA.ZS","","","","","","","","","","","","","","","","","","","","","","","","","","","","","","","","","","","","","","","","","","","","","","","","","","","","10.3645801544189","","11.7153797149658","","13.1031398773193","","14.6437301635742","","","","","",
"China","CHN","Educational attainment, at least Bachelor's or equivalent, population 25+, total (%) (cumulative)","SE.TER.CUAT.BA.ZS","","","","","","","","","","","","","","","","","","","","","","","","","","","","","","","","","","","","","","","","","","","","","","","","","","","3.57765007019043","","","","","","","","","","","","",
"Cote d'Ivoire","CIV","Educational attainment, at least Bachelor's or equivalent, population 25+, total (%) (cumulative)","SE.TER.CUAT.BA.ZS","","","","","","","","","","","","","","","","","","","","","","","","","","","","","","","","","","","","","","","","","","","","","","","","","","","","","","","","","3.45458006858826","","","","","","",
"Cameroon","CMR","Educational attainment, at least Bachelor's or equivalent, population 25+, total (%) (cumulative)","SE.TER.CUAT.BA.ZS","","","","","","","","","","","","","","","","","","","","","","","","","","","","","","","","","","","","","","","","","","","","","","","","","","","","","","","","","","","6.42238998413086","","","","",
"Congo, Dem. Rep.","COD","Educational attainment, at least Bachelor's or equivalent, population 25+, total (%) (cumulative)","SE.TER.CUAT.BA.ZS","","","","","","","","","","","","","","","","","","","","","","","","","","","","","","","","","","","","","","","","","","","","","","","","","","","","","","1.73559999465942","","","3.47718000411987","","7.4141697883606","","","","",
"Congo, Rep.","COG","Educational attainment, at least Bachelor's or equivalent, population 25+, total (%) (cumulative)","SE.TER.CUAT.BA.ZS","","","","","","","","","","","","","","","","","","","","","","","","","","","","","","","","","","","","","","","","","","","","","","","","","","","","","","","","7.82301998138428","","","","","","","",
"Colombia","COL","Educational attainment, at least Bachelor's or equivalent, population 25+, total (%) (cumulative)","SE.TER.CUAT.BA.ZS","","","","","","","","","","","","","","","","","","","","","","","","","","","","","","","","","","","","","","","","","","","","","","","","9.69025993347168","9.95890045166016","9.1936502456665","9.4719295501709","9.52340984344482","9.47169971466064","10.0754098892212","10.5114498138428","10.3048801422119","10.9017200469971","","11.7552995681763","12.0679597854614","12.846360206604","","",
"Comoros","COM","Educational attainment, at least Bachelor's or equivalent, population 25+, total (%) (cumulative)","SE.TER.CUAT.BA.ZS","","","","","","","","","","","","","","","","","","","","","","","","","","","","","","","","","","","","","","","","","","","","","","","","","","","","","","","","","","","","","","","",
"Cabo Verde","CPV","Educational attainment, at least Bachelor's or equivalent, population 25+, total (%) (cumulative)","SE.TER.CUAT.BA.ZS","","","","","","","","","","","","","","","","","","","","","","","","","","","","","","","","","","","","","","","","","","","","","","","","","","","","","","","","6.92615985870361","","","","","","","",
"Costa Rica","CRI","Educational attainment, at least Bachelor's or equivalent, population 25+, total (%) (cumulative)","SE.TER.CUAT.BA.ZS","","","","","","","","","","","","","","","","","","","","","","","","","","","","","","","","","","","","","","","","","","","","","","","","","","","","","","","22.7862701416016","21.3045806884766","20.6339893341064","","21.3097190856934","","21.6056900024414","","",
"Caribbean small states","CSS","Educational attainment, at least Bachelor's or equivalent, population 25+, total (%) (cumulative)","SE.TER.CUAT.BA.ZS","","","","","","","","","","","","","","","","","","","","","","","","","","","","","","","","","","","","","","","","","","","","","","","","","","","","","","","","","","","","","","","",
"Cuba","CUB","Educational attainment, at least Bachelor's or equivalent, population 25+, total (%) (cumulative)","SE.TER.CUAT.BA.ZS","","","","","","","","","","","","","","","","","","","","","","","","","","","","","","","","","","","","","","","","","","","9.35904026031494","","","","","","","","","","14.1817998886108","","","","","","","15.3287696838379","","","",
"Curacao","CUW","Educational attainment, at least Bachelor's or equivalent, population 25+, total (%) (cumulative)","SE.TER.CUAT.BA.ZS","","","","","","","","","","","","","","","","","","","","","","","","","","","","","","","","","","","","","","","","","","","","","","","","","","","","","","","","","","","","","30.1669502258301","","",
"Cayman Islands","CYM","Educational attainment, at least Bachelor's or equivalent, population 25+, total (%) (cumulative)","SE.TER.CUAT.BA.ZS","","","","","","","","","","","","","","","","","","","","","","","","","","","","","","","","","","","","","","","","","","","","","","","","","","","","","","","32.1575088500977","29.8638706207275","","","","","","","",
"Cyprus","CYP","Educational attainment, at least Bachelor's or equivalent, population 25+, total (%) (cumulative)","SE.TER.CUAT.BA.ZS","","","","","","","","","","","","","","","","","","","","","","","","","","","","","","","","","","","","","","","","","","","","","","","","","","","","","","24.8877696990967","25.9655208587646","25.5467205047607","26.615270614624","","28.5613594055176","","29.795259475708","","",
"Czechia","CZE","Educational attainment, at least Bachelor's or equivalent, population 25+, total (%) (cumulative)","SE.TER.CUAT.BA.ZS","","","","","","","","","","","","","","","","","","","","","","","","","","","","","","","","","","","","","","","","","","","","","","","","","","","","","","","18.8267307281494","19.3418006896973","20.0784492492676","20.7316493988037","","20.9109001159668","","","",
"Germany","DEU","Educational attainment, at least Bachelor's or equivalent, population 25+, total (%) (cumulative)","SE.TER.CUAT.BA.ZS","","","","","","","","","","","","","","","","","","","","","","","","","","","","","","","","","","","","","","","","","","","","","","","","","","","","","","","24.1829490661621","24.7420501708984","25.5801200866699","","25.1498794555664","","28.3462200164795","","",
"Djibouti","DJI","Educational attainment, at least Bachelor's or equivalent, population 25+, total (%) (cumulative)","SE.TER.CUAT.BA.ZS","","","","","","","","","","","","","","","","","","","","","","","","","","","","","","","","","","","","","","","","","","","","","","","","","","","","","","","","","","","","","","","",
"Dominica","DMA","Educational attainment, at least Bachelor's or equivalent, population 25+, total (%) (cumulative)","SE.TER.CUAT.BA.ZS","","","","","","","","","","","1.10000002384186","","","","","","","","","","","1.70908999443054","","","","","","","","","","","","","","","","","","","","5.03387022018433","","","","","","","","","","","","","","","","","","","","","",
"Denmark","DNK","Educational attainment, at least Bachelor's or equivalent, population 25+, total (%) (cumulative)","SE.TER.CUAT.BA.ZS","","","","","","","","","","","","","","","","","","","","","","","","","","","","","","","","","","","","","","","","","","","","","","","","","","","","","","","28.9782695770264","30.3837299346924","30.979829788208","","32.3588409423828","","33.0904998779297","","",
"Dominican Republic","DOM","Educational attainment, at least Bachelor's or equivalent, population 25+, total (%) (cumulative)","SE.TER.CUAT.BA.ZS","","","","","","","","","","","","","","","","","","","","","","","","","","","","","","","","","","","","","","","","","","","","","","","","","","","","","","","","","18.123119354248","","","14.3608598709106","","","",
"Algeria","DZA","Educational attainment, at least Bachelor's or equivalent, population 25+, total (%) (cumulative)","SE.TER.CUAT.BA.ZS","","","","","","","","","","","","","","","","","","","","","","","","","","","","","","","","","","","","","","","","","","","","","","","","","","","","","","","","","","","","11.4359302520752","","","",
"East Asia & Pacific (excluding high income)","EAP","Educational attainment, at least Bachelor's or equivalent, population 25+, total (%) (cumulative)","SE.TER.CUAT.BA.ZS","","","","","","","","","","","","","","","","","","","","","","","","","","","","","","","","","","","","","","","","","","","","","","","","","","","","","","","","","","","","","","","",
"Early-demographic dividend","EAR","Educational attainment, at least Bachelor's or equivalent, population 25+, total (%) (cumulative)","SE.TER.CUAT.BA.ZS","","","","","","","","","","","","","","","","","","","","","","","","","","","","","","","","","","","","","","","","","","","","","","","","","","","","","","","","","","","","","","","",
"East Asia & Pacific","EAS","Educational attainment, at least Bachelor's or equivalent, population 25+, total (%) (cumulative)","SE.TER.CUAT.BA.ZS","","","","","","","","","","","","","","","","","","","","","","","","","","","","","","","","","","","","","","","","","","","","","","","","","","","","","","","","","","","","","","","",
"Europe & Central Asia (excluding high income)","ECA","Educational attainment, at least Bachelor's or equivalent, population 25+, total (%) (cumulative)","SE.TER.CUAT.BA.ZS","","","","","","","","","","","","","","","","","","","","","","","","","","","","","","","","","","","","","","","","","","","","","","","","","","","","","","","","","","","","","","","",
"Europe & Central Asia","ECS","Educational attainment, at least Bachelor's or equivalent, population 25+, total (%) (cumulative)","SE.TER.CUAT.BA.ZS","","","","","","","","","","","","","","","","","","","","","","","","","","","","","","","","","","","","","","","","","","","","","","","","","","","","","","","","","","","","","","","",
"Ecuador","ECU","Educational attainment, at least Bachelor's or equivalent, population 25+, total (%) (cumulative)","SE.TER.CUAT.BA.ZS","","","","","","","","","","","","","","","","","","","","","","","","","","","","","","","","","","","","","","","","","","","","","","","","10.1650800704956","9.77863025665283","9.97227001190186","10.2697896957397","9.62137031555176","10.9483203887939","11.518030166626","10.4298095703125","12.0802402496338","11.7186403274536","12.1632699966431","","","11.9424200057983","12.4028596878052","12.1256704330444",
"Egypt, Arab Rep.","EGY","Educational attainment, at least Bachelor's or equivalent, population 25+, total (%) (cumulative)","SE.TER.CUAT.BA.ZS","","","","","","","","","","","","","","","","","","","","","","","","","","","","","","","","","","","","","","","","","","","","","","","","","","","","","","","","","","6.16790008544922","","","","","",
"Euro area","EMU","Educational attainment, at least Bachelor's or equivalent, population 25+, total (%) (cumulative)","SE.TER.CUAT.BA.ZS","","","","","","","","","","","","","","","","","","","","","","","","","","","","","","","","","","","","","","","","","","","","","","","","","","","","","","","","","","","","","","","",
"Eritrea","ERI","Educational attainment, at least Bachelor's or equivalent, population 25+, total (%) (cumulative)","SE.TER.CUAT.BA.ZS","","","","","","","","","","","","","","","","","","","","","","","","","","","","","","","","","","","","","","","","","","","","","","","","","","","","","","","","","","","","","","","",
"Spain","ESP","Educational attainment, at least Bachelor's or equivalent, population 25+, total (%) (cumulative)","SE.TER.CUAT.BA.ZS","","","","","","","","","","","","","","","","","","","","","","","","","","","","","","","","","","","","","","","","","","","","","","","","","","","","","","","","","20.9353904724121","","21.9363403320312","","23.578010559082","","",
"Estonia","EST","Educational attainment, at least Bachelor's or equivalent, population 25+, total (%) (cumulative)","SE.TER.CUAT.BA.ZS","","","","","","","","","","","","","","","","","","","","","","","","","","","","","","","","","","","","","","","","","","","","","","","","","","","","","","","","","","","","","30.8465099334717","","",
"Ethiopia","ETH","Educational attainment, at least Bachelor's or equivalent, population 25+, total (%) (cumulative)","SE.TER.CUAT.BA.ZS","","","","","","","","","","","","","","","","","","","","","","","","","","","","","","","","","","","","","","","","","","","","","","","","","","","","","","","","","1.33300995826721","","","","","","",
"European Union","EUU","Educational attainment, at least Bachelor's or equivalent, population 25+, total (%) (cumulative)","SE.TER.CUAT.BA.ZS","","","","","","","","","","","","","","","","","","","","","","","","","","","","","","","","","","","","","","","","","","","","","","","","","","","","","","","","","","","","","","","",
"Fragile and conflict affected situations","FCS","Educational attainment, at least Bachelor's or equivalent, population 25+, total (%) (cumulative)","SE.TER.CUAT.BA.ZS","","","","","","","","","","","","","","","","","","","","","","","","","","","","","","","","","","","","","","","","","","","","","","","","","","","","","","","","","","","","","","","",
"Finland","FIN","Educational attainment, at least Bachelor's or equivalent, population 25+, total (%) (cumulative)","SE.TER.CUAT.BA.ZS","","","","","","","","","","","","","","","","","","","","","","","","","","","","","","","","","","","","","","","","","","","","","","","","","","","","","21.1388092041016","21.8909206390381","22.5055408477783","23.0319995880127","","24.3361492156982","","25.9350891113281","","","",
"Fiji","FJI","Educational attainment, at least Bachelor's or equivalent, population 25+, total (%) (cumulative)","SE.TER.CUAT.BA.ZS","","","","","","","","","","","","","","","","","","","","","","","","","","","","","","","","","","","","","","","","","","","","","","","","","","","","","","","","","","5.16891002655029","","","","10.0197696685791","",
"France","FRA","Educational attainment, at least Bachelor's or equivalent, population 25+, total (%) (cumulative)","SE.TER.CUAT.BA.ZS","","","","","","","","","","","","","","","","","","","","","","","","","","","","","","","","","","","","","","","","","","","","","","","","","","","","","","","16.3929500579834","17.6630706787109","17.4036998748779","18.0016708374023","","19.7005405426025","","","",
"Faroe Islands","FRO","Educational attainment, at least Bachelor's or equivalent, population 25+, total (%) (cumulative)","SE.TER.CUAT.BA.ZS","","","","","","","","","","","","","","","","","","","","","","","","","","","","","","","","","","","","","","","","","","","","","","","","","","","","","","","","","","","","","","","",
"Micronesia, Fed. Sts.","FSM","Educational attainment, at least Bachelor's or equivalent, population 25+, total (%) (cumulative)","SE.TER.CUAT.BA.ZS","","","","","","","","","","","","","","","","","","","","","","","","","","","","","","","","","","","","","","","","","","","","","","","","","","","","","","","","","","","","","","","",
"Gabon","GAB","Educational attainment, at least Bachelor's or equivalent, population 25+, total (%) (cumulative)","SE.TER.CUAT.BA.ZS","","","","","","","","","","","","","","","","","","","","","","","","","","","","","","","","","","","","","","","","","","","","","","","","","","","","","","","","","","","","","","","",
"United Kingdom","GBR","Educational attainment, at least Bachelor's or equivalent, population 25+, total (%) (cumulative)","SE.TER.CUAT.BA.ZS","","","","","","","","","","","","","","","","","","","","","","","","","","","","","","","","","","","","","","","","","","","","","","","","","","","","","","28.3882904052734","29.3326206207275","","","33.9221305847168","","","37.2764701843262","","",
"Georgia","GEO","Educational attainment, at least Bachelor's or equivalent, population 25+, total (%) (cumulative)","SE.TER.CUAT.BA.ZS","","","","","","","","","","","","","","","","","","","","","","","","","","","","","","","","","","","","","","","","","","","","","","","","","","","","","30.1727104187012","","30.864330291748","","32.8466300964355","34.0182189941406","34.8497581481934","33.6676902770996","","","34.0162506103516",
"Ghana","GHA","Educational attainment, at least Bachelor's or equivalent, population 25+, total (%) (cumulative)","SE.TER.CUAT.BA.ZS","","","","","","","","","","","","","","","","","","","","","","","","","","","","","","","","","","","","","","","","","","","","","","","","","","","","","","","","","","3.49149990081787","","","","","",
"Gibraltar","GIB","Educational attainment, at least Bachelor's or equivalent, population 25+, total (%) (cumulative)","SE.TER.CUAT.BA.ZS","","","","","","","","","","","","","","","","","","","","","","","","","","","","","","","","","","","","","","","","","","","","","","","","","","","","","","","","","","","","","","","",
"Guinea","GIN","Educational attainment, at least Bachelor's or equivalent, population 25+, total (%) (cumulative)","SE.TER.CUAT.BA.ZS","","","","","","","","","","","","","","","","","","","","","","","","","","","","","","","","","","","","","2.1246600151062","","","","","","","","","","","","","","2.80614995956421","","","","4.42657995223999","","7.1741099357605","","6.20741987228394","","","","",
"Gambia, The","GMB","Educational attainment, at least Bachelor's or equivalent, population 25+, total (%) (cumulative)","SE.TER.CUAT.BA.ZS","","","","","","","","","","","","","","","","","","","","","","","","","","","","","","","","","","","","","","","","","","","","","","","","","","","","","","","","2.04780006408691","","","1.39770996570587","","1.88328003883362","","",
"Guinea-Bissau","GNB","Educational attainment, at least Bachelor's or equivalent, population 25+, total (%) (cumulative)","SE.TER.CUAT.BA.ZS","","","","","","","","","","","","","","","","","","","","","","","","","","","","","","","","","","","","","","","","","","","","","","","","","","","","","","","","","","","","","","","",
"Equatorial Guinea","GNQ","Educational attainment, at least Bachelor's or equivalent, population 25+, total (%) (cumulative)","SE.TER.CUAT.BA.ZS","","","","","","","","","","","","","","","","","","","","","","","","","","","","","","","","","","","","","","","","","","","","","","","","","","","","","","","","","","","","","","","",
"Greece","GRC","Educational attainment, at least Bachelor's or equivalent, population 25+, total (%) (cumulative)","SE.TER.CUAT.BA.ZS","","","","","","","","","","","","","","","","","","","","","","7.59999990463257","","","","","","","","","","8.69999980926514","","","","","","","","","","","","","","","","","","","","","","","22.1860599517822","22.929069519043","20.1387195587158","","","","26.0435390472412","","",
"Grenada","GRD","Educational attainment, at least Bachelor's or equivalent, population 25+, total (%) (cumulative)","SE.TER.CUAT.BA.ZS","","","","","","","","","","","","","","","","","","","","","","","","","","","","","","","","","","","","","","","","","","","","","","","","","","","","","","","","","","","","","","","",
"Greenland","GRL","Educational attainment, at least Bachelor's or equivalent, population 25+, total (%) (cumulative)","SE.TER.CUAT.BA.ZS","","","","","","","","","","","","","","","","","","","","","","","","","","","","","","","","","","","","","","","","","","","","","","","","","","","","","10.1357698440552","","10.3921003341675","10.5664796829224","","","10.8007402420044","10.4404096603394","","","",
"Guatemala","GTM","Educational attainment, at least Bachelor's or equivalent, population 25+, total (%) (cumulative)","SE.TER.CUAT.BA.ZS","","","","","","","","","","","","","","","","","","","","","","","","","","","","","","","","","","","","","","","","","","","","","","","","","","","","","1.93861997127533","2.37331008911133","6.89062023162842","3.78042006492615","","","","4.32202005386353","","","",
"Guam","GUM","Educational attainment, at least Bachelor's or equivalent, population 25+, total (%) (cumulative)","SE.TER.CUAT.BA.ZS","","","","","","","","","","","","","","","","","","","","","","","","","","","","","","","","","","","","","","","","","","","","","","","","","","","","","","","","","","","","","","","",
"Guyana","GUY","Educational attainment, at least Bachelor's or equivalent, population 25+, total (%) (cumulative)","SE.TER.CUAT.BA.ZS","","","","","","","","","","","","","","","","","","","","","","","","","","","","","","","","","","","","","","","","","","","","","","","","","","","","","","","","","","","","4.46917009353638","","","",
"High income","HIC","Educational attainment, at least Bachelor's or equivalent, population 25+, total (%) (cumulative)","SE.TER.CUAT.BA.ZS","","","","","","","","","","","","","","","","","","","","","","","","","","","","","","","","","","","","","","","","","","","","","","","","","","","","","","","","","","","","","","","",
"Hong Kong SAR, China","HKG","Educational attainment, at least Bachelor's or equivalent, population 25+, total (%) (cumulative)","SE.TER.CUAT.BA.ZS","","","","","","","","","","","","","","","","","","","","","","","","","","","","","","","","","","","","","","","","","","","","","","","","","","","","","","","","","","","","","","","",
"Honduras","HND","Educational attainment, at least Bachelor's or equivalent, population 25+, total (%) (cumulative)","SE.TER.CUAT.BA.ZS","","","","","","","","","","","","","","","","","","","","","","","","","","","","","","","","","","","","","","","","","","","","","","","","4.23246002197266","","","","5.11813020706177","4.24901008605957","","6.26949977874756","9.34937000274658","10.5029497146606","","9.58257007598877","9.63498973846436","","","",
"Heavily indebted poor countries (HIPC)","HPC","Educational attainment, at least Bachelor's or equivalent, population 25+, total (%) (cumulative)","SE.TER.CUAT.BA.ZS","","","","","","","","","","","","","","","","","","","","","","","","","","","","","","","","","","","","","","","","","","","","","","","","","","","","","","","","","","","","","","","",
"Croatia","HRV","Educational attainment, at least Bachelor's or equivalent, population 25+, total (%) (cumulative)","SE.TER.CUAT.BA.ZS","","","","","","","","","","","","","","","","","","","","","","","","","","","","","","","","","","","","","","","","","","","","","","","","","","","","","","","","","","","","","","","",
"Haiti","HTI","Educational attainment, at least Bachelor's or equivalent, population 25+, total (%) (cumulative)","SE.TER.CUAT.BA.ZS","","","","","","","","","","","","","","","","","","","","","","","","","","","","","","","","","","","","","","","","","","","","","","","","","","","","","","","","","","4.53101015090942","","","","","",
"Hungary","HUN","Educational attainment, at least Bachelor's or equivalent, population 25+, total (%) (cumulative)","SE.TER.CUAT.BA.ZS","","","","","","","","","","","","","","","","","","","","","","","","","","","","","","","","","","","","","","","","","","","","","","","","","","","","","","19.4259796142578","19.9017601013184","20.6730899810791","20.4075393676758","","","","24.0824909210205","","",
"IBRD only","IBD","Educational attainment, at least Bachelor's or equivalent, population 25+, total (%) (cumulative)","SE.TER.CUAT.BA.ZS","","","","","","","","","","","","","","","","","","","","","","","","","","","","","","","","","","","","","","","","","","","","","","","","","","","","","","","","","","","","","","","",
"IDA & IBRD total","IBT","Educational attainment, at least Bachelor's or equivalent, population 25+, total (%) (cumulative)","SE.TER.CUAT.BA.ZS","","","","","","","","","","","","","","","","","","","","","","","","","","","","","","","","","","","","","","","","","","","","","","","","","","","","","","","","","","","","","","","",
"IDA total","IDA","Educational attainment, at least Bachelor's or equivalent, population 25+, total (%) (cumulative)","SE.TER.CUAT.BA.ZS","","","","","","","","","","","","","","","","","","","","","","","","","","","","","","","","","","","","","","","","","","","","","","","","","","","","","","","","","","","","","","","",
"IDA blend","IDB","Educational attainment, at least Bachelor's or equivalent, population 25+, total (%) (cumulative)","SE.TER.CUAT.BA.ZS","","","","","","","","","","","","","","","","","","","","","","","","","","","","","","","","","","","","","","","","","","","","","","","","","","","","","","","","","","","","","","","",
"Indonesia","IDN","Educational attainment, at least Bachelor's or equivalent, population 25+, total (%) (cumulative)","SE.TER.CUAT.BA.ZS","","","","","","","","","","","","","","","","","","","","","","","","","","","","","","","","","","","","","","","","","","","","","","","","","","","","","","","7.96649980545044","8.48301029205322","8.79403018951416","8.23369979858398","9.37423038482666","","10.5170803070068","","",
"IDA only","IDX","Educational attainment, at least Bachelor's or equivalent, population 25+, total (%) (cumulative)","SE.TER.CUAT.BA.ZS","","","","","","","","","","","","","","","","","","","","","","","","","","","","","","","","","","","","","","","","","","","","","","","","","","","","","","","","","","","","","","","",
"Isle of Man","IMN","Educational attainment, at least Bachelor's or equivalent, population 25+, total (%) (cumulative)","SE.TER.CUAT.BA.ZS","","","","","","","","","","","","","","","","","","","","","","","","","","","","","","","","","","","","","","","","","","","","","","","","","","","","","","","","","","","","","","","",
"India","IND","Educational attainment, at least Bachelor's or equivalent, population 25+, total (%) (cumulative)","SE.TER.CUAT.BA.ZS","","","","","","","","","","","","","","","","","","","","","","","","","","","","","","","","","","","","","","","","","","","","","","","","","","","","9.13628959655762","","","","","10.1431703567505","","10.782509803772","12.0160398483276","12.2234497070312","","12.1410703659058",
"Not classified","INX","Educational attainment, at least Bachelor's or equivalent, population 25+, total (%) (cumulative)","SE.TER.CUAT.BA.ZS","","","","","","","","","","","","","","","","","","","","","","","","","","","","","","","","","","","","","","","","","","","","","","","","","","","","","","","","","","","","","","","",
"Ireland","IRL","Educational attainment, at least Bachelor's or equivalent, population 25+, total (%) (cumulative)","SE.TER.CUAT.BA.ZS","","","","","","","","","","","","","","","","","","","","","","","","","","","","","","","","","","","","","","","","","","","","","","","","33.8111305236816","","","","","","","","","","","","","","","",
"Iran, Islamic Rep.","IRN","Educational attainment, at least Bachelor's or equivalent, population 25+, total (%) (cumulative)","SE.TER.CUAT.BA.ZS","","","","","","","","","","","","","","","","","","","","","","","","","","","","","","","","","","","","","","","","","","","","","","","","","","","","","14.8149003982544","16.3200798034668","16.8666706085205","","18.1766109466553","","","","","","",
"Iraq","IRQ","Educational attainment, at least Bachelor's or equivalent, population 25+, total (%) (cumulative)","SE.TER.CUAT.BA.ZS","","","","","","","","","","","","","","","","","","","","","","","","","","","","","","","","","","","","","","","","","","","","","","","","","","","","","","","","","","","10.4068899154663","","","","",
"Iceland","ISL","Educational attainment, at least Bachelor's or equivalent, population 25+, total (%) (cumulative)","SE.TER.CUAT.BA.ZS","","","","","","","","","","","","","","","","","","","","","","","","","","","","","","","","","","","","","","","","","","","","","","","","","","","","","","","","","","","","36.142879486084","36.6183090209961","","",
"Israel","ISR","Educational attainment, at least Bachelor's or equivalent, population 25+, total (%) (cumulative)","SE.TER.CUAT.BA.ZS","","","","","","","","","","","","","","","","","","","","","","","","","","","","","","","","","","","","","","","","","","","","","","","","","","","","","","31.3936901092529","32.7910194396973","33.2059211730957","","","","","","","",
"Italy","ITA","Educational attainment, at least Bachelor's or equivalent, population 25+, total (%) (cumulative)","SE.TER.CUAT.BA.ZS","","","","","","","","","","","","","","","","","","","","","","","","","","","","","","","","","","","","","","","","","","","","","","","","","","","","","","","","","","","","","16.5459804534912","","",
"Jamaica","JAM","Educational attainment, at least Bachelor's or equivalent, population 25+, total (%) (cumulative)","SE.TER.CUAT.BA.ZS","","","","","","","","","","","","","","","","","","","","","","","","","","","","","","","","","","","","","","","","","","","","","","","","","","","","6.81202983856201","","","","","","","","","","","",
"Jordan","JOR","Educational attainment, at least Bachelor's or equivalent, population 25+, total (%) (cumulative)","SE.TER.CUAT.BA.ZS","","","","","","","","","","","","","","","","","","","","","","","","","","","","","","","","","","","","","","","","","","","","","","","","","","","","","","","","","","20.9268398284912","","","","","",
"Japan","JPN","Educational attainment, at least Bachelor's or equivalent, population 25+, total (%) (cumulative)","SE.TER.CUAT.BA.ZS","","","","","","","","","","","","","","","","","","","","","","","","","","","","","","","","","","","","","","","","","","","","","","","","","","","19.9131393432617","","","","","","","","","","25.5403995513916","","",
"Kazakhstan","KAZ","Educational attainment, at least Bachelor's or equivalent, population 25+, total (%) (cumulative)","SE.TER.CUAT.BA.ZS","","","","","","","","","","","","","","","","","","","","","","","","","","","","","","","","","","","","","","","","14.3734102249146","","","","","","","","25.483850479126","","22.8124809265137","","","","","","27.8106708526611","","","34.0811004638672","","","","",
"Kenya","KEN","Educational attainment, at least Bachelor's or equivalent, population 25+, total (%) (cumulative)","SE.TER.CUAT.BA.ZS","","","","","","","","","","","","","","","","","","","","","","","","","","","","","","","","","","","","","","","","","","","","","","","","","","","","","","","","","","","","4.80908012390137","3.74181008338928","","",
"Kyrgyz Republic","KGZ","Educational attainment, at least Bachelor's or equivalent, population 25+, total (%) (cumulative)","SE.TER.CUAT.BA.ZS","","","","","","","","","","","","","","","","","","","","","","","","","","","","","","","","","","","","","","","","","","","","","","","","","","16.2025909423828","","","","","","","","","24.2648506164551","","","","",
"Cambodia","KHM","Educational attainment, at least Bachelor's or equivalent, population 25+, total (%) (cumulative)","SE.TER.CUAT.BA.ZS","","","","","","","","","","","","","","","","","","","","","","","","","","","","","","","","","","","","","","","","","","","","","","","","","","","","","","","","","","","","0.114589996635914","","4.56162977218628","",
"Kiribati","KIR","Educational attainment, at least Bachelor's or equivalent, population 25+, total (%) (cumulative)","SE.TER.CUAT.BA.ZS","","","","","","","","","","","","","","","","","","","","","","","","","","","","","","","","","","","","","","","","","","","","","","","","","","","","","","","","","","","2.77992010116577","","","","",
"St. Kitts and Nevis","KNA","Educational attainment, at least Bachelor's or equivalent, population 25+, total (%) (cumulative)","SE.TER.CUAT.BA.ZS","","","","","","","","","","","","","","","","","","","","","","","","","","","","","","","","","","","","","","","","","","","","","","","","","","","","","","","","","","","","","","","",
"Korea, Rep.","KOR","Educational attainment, at least Bachelor's or equivalent, population 25+, total (%) (cumulative)","SE.TER.CUAT.BA.ZS","","","","","","","","","","","","","","","","","","","","","","","","","","","","","","","","","","","","","","","","","","","","","","","","","","","24.3577404022217","","","","","28.6821708679199","","","","","","","",
"Kuwait","KWT","Educational attainment, at least Bachelor's or equivalent, population 25+, total (%) (cumulative)","SE.TER.CUAT.BA.ZS","","","","","","","","","","","","","","","","","","","","","","","","","","","","","","","","","","","","","","","","","","","","","","8.46144962310791","8.29893016815186","8.06836032867432","8.28030014038086","","","","9.51937961578369","8.71183967590332","","9.59107971191406","","10.6672496795654","11.1163301467896","","","","",
"Latin America & Caribbean (excluding high income)","LAC","Educational attainment, at least Bachelor's or equivalent, population 25+, total (%) (cumulative)","SE.TER.CUAT.BA.ZS","","","","","","","","","","","","","","","","","","","","","","","","","","","","","","","","","","","","","","","","","","","","","","","","","","","","","","","","","","","","","","","",
"Lao PDR","LAO","Educational attainment, at least Bachelor's or equivalent, population 25+, total (%) (cumulative)","SE.TER.CUAT.BA.ZS","","","","","","","","","","","","","","","","","","","","","","","","","","","","","","","","","","","","","","","","","","","","","","","","","","","","","","","","","","5.15476989746094","","","","","",
"Lebanon","LBN","Educational attainment, at least Bachelor's or equivalent, population 25+, total (%) (cumulative)","SE.TER.CUAT.BA.ZS","","","","","","","","","","","","","","","","","","","","","","","","","","","","","","","","","","","","","","","","","","","","","","","","","","","","","","","","","","","","","","","",
"Liberia","LBR","Educational attainment, at least Bachelor's or equivalent, population 25+, total (%) (cumulative)","SE.TER.CUAT.BA.ZS","","","","","","","","","","","","","","","","","","","","","","","","","","","","","","","","","","","","","","","","","","","","","","","","","","","","","","","","","","","","","","","",
"Libya","LBY","Educational attainment, at least Bachelor's or equivalent, population 25+, total (%) (cumulative)","SE.TER.CUAT.BA.ZS","","","","","","","","","","","","","","","","","","","","","","","","","","","","","","","","","","","","","","","","","","","","","","","","","","","","","","","","","","","","","","","",
"St. Lucia","LCA","Educational attainment, at least Bachelor's or equivalent, population 25+, total (%) (cumulative)","SE.TER.CUAT.BA.ZS","","","","","","","","","","","","","","","","","","","","","","","","","","","","","","","","","","","","","","","","","","","","","","","","","","","","","","","","","","","","","","","",
"Latin America & Caribbean","LCN","Educational attainment, at least Bachelor's or equivalent, population 25+, total (%) (cumulative)","SE.TER.CUAT.BA.ZS","","","","","","","","","","","","","","","","","","","","","","","","","","","","","","","","","","","","","","","","","","","","","","","","","","","","","","","","","","","","","","","",
"Least developed countries: UN classification","LDC","Educational attainment, at least Bachelor's or equivalent, population 25+, total (%) (cumulative)","SE.TER.CUAT.BA.ZS","","","","","","","","","","","","","","","","","","","","","","","","","","","","","","","","","","","","","","","","","","","","","","","","","","","","","","","","","","","","","","","",
"Low income","LIC","Educational attainment, at least Bachelor's or equivalent, population 25+, total (%) (cumulative)","SE.TER.CUAT.BA.ZS","","","","","","","","","","","","","","","","","","","","","","","","","","","","","","","","","","","","","","","","","","","","","","","","","","","","","","","","","","","","","","","",
"Liechtenstein","LIE","Educational attainment, at least Bachelor's or equivalent, population 25+, total (%) (cumulative)","SE.TER.CUAT.BA.ZS","","","","","","","","","","","","","","","","","","","","","","","","","","","","","","","","","","","","","","","","","","","","","","","","","","","","","","","","","","","","","","","",
"Sri Lanka","LKA","Educational attainment, at least Bachelor's or equivalent, population 25+, total (%) (cumulative)","SE.TER.CUAT.BA.ZS","","","","","","","","","","","","","","","","","","","","","","","","","","","","","","","","","","","","","","","","","","","","","","","","","","","","","","","","","","","","","","","",
"Lower middle income","LMC","Educational attainment, at least Bachelor's or equivalent, population 25+, total (%) (cumulative)","SE.TER.CUAT.BA.ZS","","","","","","","","","","","","","","","","","","","","","","","","","","","","","","","","","","","","","","","","","","","","","","","","","","","","","","","","","","","","","","","",
"Low & middle income","LMY","Educational attainment, at least Bachelor's or equivalent, population 25+, total (%) (cumulative)","SE.TER.CUAT.BA.ZS","","","","","","","","","","","","","","","","","","","","","","","","","","","","","","","","","","","","","","","","","","","","","","","","","","","","","","","","","","","","","","","",
"Lesotho","LSO","Educational attainment, at least Bachelor's or equivalent, population 25+, total (%) (cumulative)","SE.TER.CUAT.BA.ZS","","","","","","","","","","","","","","","","","","","","","","","","","","","","","","","","","","","","","","","","","","","","","","","","","","","","","","","","","","","3.93763995170593","","","","",
"Late-demographic dividend","LTE","Educational attainment, at least Bachelor's or equivalent, population 25+, total (%) (cumulative)","SE.TER.CUAT.BA.ZS","","","","","","","","","","","","","","","","","","","","","","","","","","","","","","","","","","","","","","","","","","","","","","","","","","","","","","","","","","","","","","","",
"Lithuania","LTU","Educational attainment, at least Bachelor's or equivalent, population 25+, total (%) (cumulative)","SE.TER.CUAT.BA.ZS","","","","","","","","","","","","","","","","","","","","","","","","","","","","","","","","","","","","","","","","","","","","","","","","","","","","","","26.3852691650391","31.4951000213623","33.0973510742188","33.9425315856934","34.5394706726074","","","38.103458404541","","",
"Luxembourg","LUX","Educational attainment, at least Bachelor's or equivalent, population 25+, total (%) (cumulative)","SE.TER.CUAT.BA.ZS","","","","","","","","","","","","","","","","","","","","","","","","","","","","","","","","","","","","","","","","","","","","","","","","","","","","","","","","","","","","","","","",
"Latvia","LVA","Educational attainment, at least Bachelor's or equivalent, population 25+, total (%) (cumulative)","SE.TER.CUAT.BA.ZS","","","","","","","","","","","","","","","","","","","","","","","","","","","","","","","","","","","","","","","","","","","","","","","","","","","","","","27.6949100494385","26.6343803405762","27.6973896026611","29.1061897277832","","30.0282802581787","30.9353103637695","","","",
"Macao SAR, China","MAC","Educational attainment, at least Bachelor's or equivalent, population 25+, total (%) (cumulative)","SE.TER.CUAT.BA.ZS","","","","","","","","","","","","","","","","","","","","","","","","","","","","","","","","","","","","","","","","","","","","","","","","","","","","","","","","","","","","","","","",
"St. Martin (French part)","MAF","Educational attainment, at least Bachelor's or equivalent, population 25+, total (%) (cumulative)","SE.TER.CUAT.BA.ZS","","","","","","","","","","","","","","","","","","","","","","","","","","","","","","","","","","","","","","","","","","","","","","","","","","","","","","","","","","","","","","","",
"Morocco","MAR","Educational attainment, at least Bachelor's or equivalent, population 25+, total (%) (cumulative)","SE.TER.CUAT.BA.ZS","","","","","","","","","","","","","","","","","","","","","","","","","","","","","","","","","","","","","","","","","","","","","","","","","","","","","","","","","","","","","","","",
"Monaco","MCO","Educational attainment, at least Bachelor's or equivalent, population 25+, total (%) (cumulative)","SE.TER.CUAT.BA.ZS","","","","","","","","","","","","","","","","","","","","","","","","","","","","","","","","","","","","","","","","","","","","","","","","","","","","","","","","","","","","","","","",
"Moldova","MDA","Educational attainment, at least Bachelor's or equivalent, population 25+, total (%) (cumulative)","SE.TER.CUAT.BA.ZS","","","","","","","","","","","","","","","","","","","","","","","","","","","","","","","","","","","","","","","","","","","","","","","","15.0928602218628","15.624529838562","16.2650299072266","16.965539932251","17.8658599853516","18.8618106842041","19.0364894866943","20.0858402252197","19.3727207183838","","","20.1230392456055","20.0525398254395","","","",
"Madagascar","MDG","Educational attainment, at least Bachelor's or equivalent, population 25+, total (%) (cumulative)","SE.TER.CUAT.BA.ZS","","","","","","","","","","","","","","","","","","","","","","","","","","","","","","","","","","","","","","","","","","","","","","","","","","","","","","","","","","","2.75500011444092","","","2.92739009857178","",
"Maldives","MDV","Educational attainment, at least Bachelor's or equivalent, population 25+, total (%) (cumulative)","SE.TER.CUAT.BA.ZS","","","","","","","","","","","","","","","","","","","","","","","","","","","","","","","","","","","","","","","","","","","","","","","","","","","","","","","","","","6.35904979705811","","","","","",
"Middle East & North Africa","MEA","Educational attainment, at least Bachelor's or equivalent, population 25+, total (%) (cumulative)","SE.TER.CUAT.BA.ZS","","","","","","","","","","","","","","","","","","","","","","","","","","","","","","","","","","","","","","","","","","","","","","","","","","","","","","","","","","","","","","","",
"Mexico","MEX","Educational attainment, at least Bachelor's or equivalent, population 25+, total (%) (cumulative)","SE.TER.CUAT.BA.ZS","","","","","","","","","","","","","","","","","","","","","","","","","","","","","","","","","","","","","","","","","","","","","","","","","","","12.7612199783325","","","14.3226099014282","13.9571304321289","14.7796497344971","14.7103900909424","15.3742599487305","16.0160598754883","","17.1284694671631","","",
"Marshall Islands","MHL","Educational attainment, at least Bachelor's or equivalent, population 25+, total (%) (cumulative)","SE.TER.CUAT.BA.ZS","","","","","","","","","","","","","","","","","","","","","","","","","","","","","","","","","","","","","","","","","","","","","","","","","","","","3.66324996948242","","","","","","","","","","","",
"Middle income","MIC","Educational attainment, at least Bachelor's or equivalent, population 25+, total (%) (cumulative)","SE.TER.CUAT.BA.ZS","","","","","","","","","","","","","","","","","","","","","","","","","","","","","","","","","","","","","","","","","","","","","","","","","","","","","","","","","","","","","","","",
"North Macedonia","MKD","Educational attainment, at least Bachelor's or equivalent, population 25+, total (%) (cumulative)","SE.TER.CUAT.BA.ZS","","","","","","","","","","","","","","","","","","","","","","","","","","","","","","","","","","","","","","","","","","","","","","","","","","","","","","","","","","","21.1261196136475","","21.6756992340088","","",
"Mali","MLI","Educational attainment, at least Bachelor's or equivalent, population 25+, total (%) (cumulative)","SE.TER.CUAT.BA.ZS","","","","","","","","","","","","","","","","","","","","","","","","","","","","","","","","","","","","","","","","","","","","","","","","","","","","","","","","2.65171003341675","","","3.12717008590698","3.09232997894287","1.55983996391296","","",
"Malta","MLT","Educational attainment, at least Bachelor's or equivalent, population 25+, total (%) (cumulative)","SE.TER.CUAT.BA.ZS","","","","","","","","","","","","","","","","","","","","","","","","","","","","","","","","","","","","","","","","","","","","","","","","","","","","","","13.0880699157715","13.4573497772217","13.2848596572876","13.4876699447632","","18.4249897003174","","21.8410091400146","","",
"Myanmar","MMR","Educational attainment, at least Bachelor's or equivalent, population 25+, total (%) (cumulative)","SE.TER.CUAT.BA.ZS","","","","","","","","","","","","","","","","","","","","","","","","","","","","","","","","","","","","","","","","","","","","","","","","","","","","","","","","","","","","9.34652996063232","","","",
"Middle East & North Africa (excluding high income)","MNA","Educational attainment, at least Bachelor's or equivalent, population 25+, total (%) (cumulative)","SE.TER.CUAT.BA.ZS","","","","","","","","","","","","","","","","","","","","","","","","","","","","","","","","","","","","","","","","","","","","","","","","","","","","","","","","","","","","","","","",
"Montenegro","MNE","Educational attainment, at least Bachelor's or equivalent, population 25+, total (%) (cumulative)","SE.TER.CUAT.BA.ZS","","","","","","","","","","","","","","","","","","","","","","","","","","","","","","","","","","","","","","","","","","","","","","","","","","","","","","","","","","","21.4508209228516","","","","",
"Mongolia","MNG","Educational attainment, at least Bachelor's or equivalent, population 25+, total (%) (cumulative)","SE.TER.CUAT.BA.ZS","","","","","","","","","","","","","","","","","","","","","","","","","","","","","","","","","","","","","","","","","12.2272996902466","","","","","","","","","","23.7133197784424","","","","","","","","29.282169342041","","32.6043701171875","","",
"Northern Mariana Islands","MNP","Educational attainment, at least Bachelor's or equivalent, population 25+, total (%) (cumulative)","SE.TER.CUAT.BA.ZS","","","","","","","","","","","","","","","","","","","","","","","","","","","","","","","","","","","","","","","","","","","","","","","","","","","","","","","","","","","","","","","",
"Mozambique","MOZ","Educational attainment, at least Bachelor's or equivalent, population 25+, total (%) (cumulative)","SE.TER.CUAT.BA.ZS","","","","","","","","","","","","","","","","","","","","","0.100000001490116","","","","","","","","","","","","","","","","","","","","","","","","","","","","","","","","","","","","","1.82752001285553","","","3.31868004798889","","",
"Mauritania","MRT","Educational attainment, at least Bachelor's or equivalent, population 25+, total (%) (cumulative)","SE.TER.CUAT.BA.ZS","","","","","","","","","","","","","","","","","","","","","","","","","","","","","","","","","","","","","","","","","","","","","","","","","","","","","","2.54435992240906","","5.16966009140015","","","","","","","",
"Mauritius","MUS","Educational attainment, at least Bachelor's or equivalent, population 25+, total (%) (cumulative)","SE.TER.CUAT.BA.ZS","","","","","","","","","","","","","","","","","","","","","","","","","","","","","","","","","","","","","","","","","","","","","","","","","","","","","","","","","","","","","","","",
"Malawi","MWI","Educational attainment, at least Bachelor's or equivalent, population 25+, total (%) (cumulative)","SE.TER.CUAT.BA.ZS","","","","","","","","","","","","","","","","","","","","","","","","","","","","","","","","","","","","","","","","","","","","","","","","","","","","","","","","1.37791001796722","","","","","1.32095003128052","","",
"Malaysia","MYS","Educational attainment, at least Bachelor's or equivalent, population 25+, total (%) (cumulative)","SE.TER.CUAT.BA.ZS","","","","","","","","","","","","","","","","","","","","","","","","","","","","","","","","","","","","","","","","","","","","","","","","","","","","","","","","","11.3065395355225","","","12.3861103057861","","","",
"North America","NAC","Educational attainment, at least Bachelor's or equivalent, population 25+, total (%) (cumulative)","SE.TER.CUAT.BA.ZS","","","","","","","","","","","","","","","","","","","","","","","","","","","","","","","","","","","","","","","","","","","","","","","","","","","","","","","","","","","","","","","",
"Namibia","NAM","Educational attainment, at least Bachelor's or equivalent, population 25+, total (%) (cumulative)","SE.TER.CUAT.BA.ZS","","","","","","","","","","","","","","","","","","","","","","","","","","","","","","","","","","","","","","","","","","","","","","","","","","","","","","","","","","","","","","","",
"New Caledonia","NCL","Educational attainment, at least Bachelor's or equivalent, population 25+, total (%) (cumulative)","SE.TER.CUAT.BA.ZS","","","","","","","","","","","","","","","","","","","","","","","","","","","","","","","","","","","","","","","","","","","","","","","","","","","","","","","","","","","","","","","",
"Niger","NER","Educational attainment, at least Bachelor's or equivalent, population 25+, total (%) (cumulative)","SE.TER.CUAT.BA.ZS","","","","","","","","","","","","","","","","","","","","","","","","","","","","","","","","","","","","","","","","","","","","","","","","","","","","","1.02336001396179","","","","","","0.941160023212433","","","","",
"Nigeria","NGA","Educational attainment, at least Bachelor's or equivalent, population 25+, total (%) (cumulative)","SE.TER.CUAT.BA.ZS","","","","","","","","","","","","","","","","","","","","","","","","","","","","","","","","","","","","","","","","","","","","","","","9.03849029541016","","","","","","","","","","5.93782997131348","","8.14807987213135","6.57126998901367","","10.9653997421265","",
"Nicaragua","NIC","Educational attainment, at least Bachelor's or equivalent, population 25+, total (%) (cumulative)","SE.TER.CUAT.BA.ZS","","","","","","","","","","","","","","","","","","","","","","","","","","","","","","","","","","","","","","","","","","","","","","","","","","","","","","","","","","","","","","","",
"Netherlands","NLD","Educational attainment, at least Bachelor's or equivalent, population 25+, total (%) (cumulative)","SE.TER.CUAT.BA.ZS","","","","","","","","","","","","","","","","","","","","","","","","","","","","","","","","","","","","","","","","","","","","","","","","","","","","","","27.2189903259277","28.0117092132568","28.8690700531006","29.4067401885986","","31.0932102203369","","34.7736282348633","","",
"Norway","NOR","Educational attainment, at least Bachelor's or equivalent, population 25+, total (%) (cumulative)","SE.TER.CUAT.BA.ZS","","","","","","","","","","","","","","","","","","","","","","","","","","","","","","","","","","","","","","","","","","","","","","","","","","","","","","","25.7266902923584","26.650089263916","27.325719833374","28.0698204040527","","29.2899303436279","","","",
"Nepal","NPL","Educational attainment, at least Bachelor's or equivalent, population 25+, total (%) (cumulative)","SE.TER.CUAT.BA.ZS","","","","","","","","","","","","","","","","","","","","","","","","","","","","","","","","","","","","","","","","","","","","","","","","","","","","4.56311988830566","","","","","","","","","","","",
"Nauru","NRU","Educational attainment, at least Bachelor's or equivalent, population 25+, total (%) (cumulative)","SE.TER.CUAT.BA.ZS","","","","","","","","","","","","","","","","","","","","","","","","","","","","","","","","","","","","","","","","","","","","","","","","","","","","","","","","","","","","","","","",
"New Zealand","NZL","Educational attainment, at least Bachelor's or equivalent, population 25+, total (%) (cumulative)","SE.TER.CUAT.BA.ZS","","","","","","","","","","","","","","","","","","","","","","","","","","","","","","","","","","","","","","","","","","","","","","","","","","","","","","","26.1462898254395","25.8641300201416","28.0957508087158","","","","32.2832717895508","","",
"OECD members","OED","Educational attainment, at least Bachelor's or equivalent, population 25+, total (%) (cumulative)","SE.TER.CUAT.BA.ZS","","","","","","","","","","","","","","","","","","","","","","","","","","","","","","","","","","","","","","","","","","","","","","","","","","","","","","","","","","","","","","","",
"Oman","OMN","Educational attainment, at least Bachelor's or equivalent, population 25+, total (%) (cumulative)","SE.TER.CUAT.BA.ZS","","","","","","","","","","","","","","","","","","","","","","","","","","","","","","","","","","","","","","","","","","","","","","","","","","","12.3228197097778","","","","","12.4584302902222","","","","","17.0966300964355","","19.1144905090332",
"Other small states","OSS","Educational attainment, at least Bachelor's or equivalent, population 25+, total (%) (cumulative)","SE.TER.CUAT.BA.ZS","","","","","","","","","","","","","","","","","","","","","","","","","","","","","","","","","","","","","","","","","","","","","","","","","","","","","","","","","","","","","","","",
"Pakistan","PAK","Educational attainment, at least Bachelor's or equivalent, population 25+, total (%) (cumulative)","SE.TER.CUAT.BA.ZS","","","","","","","","","","","","","","","","","","","","","","","","","","","","","","","","","","","","","","","","","","","","","","","","","","","","","","","","","","","3.89077997207642","","","","",
"Panama","PAN","Educational attainment, at least Bachelor's or equivalent, population 25+, total (%) (cumulative)","SE.TER.CUAT.BA.ZS","","","","","","","","","","","","","","","","","","","","","","","","","","","","","","","","","","","","","","","","","","","","","","","","","","","16.0915794372559","","","","","","","","","19.6298198699951","","","",
"Peru","PER","Educational attainment, at least Bachelor's or equivalent, population 25+, total (%) (cumulative)","SE.TER.CUAT.BA.ZS","","","","","","","","","","","","","","","","","","","","","","","","","","","","","","","","","","","","","","","","","","","","","","","","","","","","","","","","","","","","","","","",
"Philippines","PHL","Educational attainment, at least Bachelor's or equivalent, population 25+, total (%) (cumulative)","SE.TER.CUAT.BA.ZS","","","","","","","","","","","","","","","","","","","","","","","","","","","","","","","","","","","","","","","","","","","","","","","","","","","16.4348106384277","","","16.995059967041","","","","16.0239295959473","","24.4117908477783","","","",
"Palau","PLW","Educational attainment, at least Bachelor's or equivalent, population 25+, total (%) (cumulative)","SE.TER.CUAT.BA.ZS","","","","","","","","","","","","","","","","","","","","","","","","","","","","","","","","","","","","","","","","","","","","","","","","","","","","","","","","","","","","","","","",
"Papua New Guinea","PNG","Educational attainment, at least Bachelor's or equivalent, population 25+, total (%) (cumulative)","SE.TER.CUAT.BA.ZS","","","","","","","","","","","","","","","","","","","","","","","","","","","","","","","","","","","","","","","","","","","","","","","","","","","","","","","","","","","2.15040993690491","","","","",
"Poland","POL","Educational attainment, at least Bachelor's or equivalent, population 25+, total (%) (cumulative)","SE.TER.CUAT.BA.ZS","","","","","","","","","","","","","","","","","","","","","","","","","","","","","","","","","","","","","","","","","","","","","","","","","","","","","","22.6315097808838","23.7001991271973","","24.9462203979492","","","","28.0126800537109","","",
"Pre-demographic dividend","PRE","Educational attainment, at least Bachelor's or equivalent, population 25+, total (%) (cumulative)","SE.TER.CUAT.BA.ZS","","","","","","","","","","","","","","","","","","","","","","","","","","","","","","","","","","","","","","","","","","","","","","","","","","","","","","","","","","","","","","","",
"Puerto Rico","PRI","Educational attainment, at least Bachelor's or equivalent, population 25+, total (%) (cumulative)","SE.TER.CUAT.BA.ZS","","","","","","","","","","","","","","","","","","","","","","","","","","","","","","","","","","","","","","","","","","","","","","","","","","","","","14.7088804244995","","","","","7.58662986755371","","","","","",
"Korea, Dem. People's Rep.","PRK","Educational attainment, at least Bachelor's or equivalent, population 25+, total (%) (cumulative)","SE.TER.CUAT.BA.ZS","","","","","","","","","","","","","","","","","","","","","","","","","","","","","","","","","","","","","","","","","","","","","","","","","","","","","","","","","","","","","","","",
"Portugal","PRT","Educational attainment, at least Bachelor's or equivalent, population 25+, total (%) (cumulative)","SE.TER.CUAT.BA.ZS","","","","","","","","","","","1.64108002185822","","","","","","","","","","","3.47294998168945","","","","","","","","","","7.66812992095947","","","","","","","6.87264013290405","7.1221399307251","7.2837700843811","7.57331991195679","7.69954013824463","8.94606971740723","10.2277002334595","10.4475898742676","11.0716104507446","11.2087497711182","11.5938196182251","11.9834403991699","12.6629800796509","14.1166296005249","15.2353897094727","15.8727903366089","17.4849891662598","18.1825294494629","18.9961395263672","19.2494506835938","18.6540298461914","20.7237701416016","22.5076999664307","","",
"Paraguay","PRY","Educational attainment, at least Bachelor's or equivalent, population 25+, total (%) (cumulative)","SE.TER.CUAT.BA.ZS","","","","","","","","","","","","","","","","","","","","","","","","","","","","","","","","","","","","","","","","","","","","","","","","","","","","","9.23254013061523","12.1796998977661","11.7102603912354","12.8004102706909","12.3527002334595","","13.0230398178101","13.9921102523804","14.1851301193237","","",
"West Bank and Gaza","PSE","Educational attainment, at least Bachelor's or equivalent, population 25+, total (%) (cumulative)","SE.TER.CUAT.BA.ZS","","","","","","","","","","","","","","","","","","","","","","","","","","","","","","","","","","","","","","","","","","","","","","","","","","","","","","16.2562408447266","16.5991497039795","17.1245899200439","17.5882797241211","18.0177192687988","19.0867595672607","21.6766109466553","21.7086906433105","","",
"Pacific island small states","PSS","Educational attainment, at least Bachelor's or equivalent, population 25+, total (%) (cumulative)","SE.TER.CUAT.BA.ZS","","","","","","","","","","","","","","","","","","","","","","","","","","","","","","","","","","","","","","","","","","","","","","","","","","","","","","","","","","","","","","","",
"Post-demographic dividend","PST","Educational attainment, at least Bachelor's or equivalent, population 25+, total (%) (cumulative)","SE.TER.CUAT.BA.ZS","","","","","","","","","","","","","","","","","","","","","","","","","","","","","","","","","","","","","","","","","","","","","","","","","","","","","","","","","","","","","","","",
"French Polynesia","PYF","Educational attainment, at least Bachelor's or equivalent, population 25+, total (%) (cumulative)","SE.TER.CUAT.BA.ZS","","","","","","","","","","","","","","","","","","","","","","","","","","","","","","","","","","","","","","","","","","","","","","","","","","","","","","","","","","","","","","","",
"Qatar","QAT","Educational attainment, at least Bachelor's or equivalent, population 25+, total (%) (cumulative)","SE.TER.CUAT.BA.ZS","","","","","","","","","","","","","","","","","","","","","","","","","","","","","","","","","","","","","","","","","","","","","20.8646697998047","","","25.1326599121094","21.1592102050781","19.2718505859375","17.119930267334","18.799690246582","20.8837108612061","20.513879776001","20.3060607910156","","18.8841896057129","19.0258007049561","","","","","",
"Romania","ROU","Educational attainment, at least Bachelor's or equivalent, population 25+, total (%) (cumulative)","SE.TER.CUAT.BA.ZS","","","","","","","","","","","","","","","","","","","","","","","","","","","","","","","","","","","","","","","","","","","","","","","","","","","","","","","13.0140800476074","","","","","","","","",
"Russian Federation","RUS","Educational attainment, at least Bachelor's or equivalent, population 25+, total (%) (cumulative)","SE.TER.CUAT.BA.ZS","","","","","","","","","","","","","","","","","","","","","","","","","","","","","","","","","","","","","","","","","","","","","","","","","","","59.2608795166016","","","","","","","","","","","41.2176399230957","",
"Rwanda","RWA","Educational attainment, at least Bachelor's or equivalent, population 25+, total (%) (cumulative)","SE.TER.CUAT.BA.ZS","","","","","","","","","","","","","","","","","","","","","","","","","","","","","","","","","","","","","","","","","","","","","","","","","","","","","2.09757995605469","","2.29276990890503","2.20666003227234","","","4.13283014297485","","3.30790996551514","","",
"South Asia","SAS","Educational attainment, at least Bachelor's or equivalent, population 25+, total (%) (cumulative)","SE.TER.CUAT.BA.ZS","","","","","","","","","","","","","","","","","","","","","","","","","","","","","","","","","","","","","","","","","","","","","","","","","","","","","","","","","","","","","","","",
"Saudi Arabia","SAU","Educational attainment, at least Bachelor's or equivalent, population 25+, total (%) (cumulative)","SE.TER.CUAT.BA.ZS","","","","","","","","","","","","","","","","","","","","","","","","","","","","","","","","","","","","","","","","","","","","","14.9290399551392","","","","","","","","","19.9360694885254","","","","25.9752197265625","","","31.0515003204346","","",
"Sudan","SDN","Educational attainment, at least Bachelor's or equivalent, population 25+, total (%) (cumulative)","SE.TER.CUAT.BA.ZS","","","","","","","","","","","","","","","","","","","","","","","","","","","","","","","","","","","","","","","","","","","","","","","","","","","","","","","","","","","","","","","",
"Senegal","SEN","Educational attainment, at least Bachelor's or equivalent, population 25+, total (%) (cumulative)","SE.TER.CUAT.BA.ZS","","","","","","","","","","","","","","","","","","","","","","","","","","","","","","","","","","","","","","","","","","","","","","","","","","","","2.04940009117126","","3.11661005020142","","2.51695990562439","3.62067008018494","2.76170992851257","3.16594004631042","3.64053988456726","","","",
"Singapore","SGP","Educational attainment, at least Bachelor's or equivalent, population 25+, total (%) (cumulative)","SE.TER.CUAT.BA.ZS","","","","","","","","","","","","","","","","","","","","","","","","","","","","","","","","","","","","","","","","","","","","","","","19.5964508056641","20.0931301116943","21.8030605316162","22.5401191711426","23.6802291870117","24.5494003295898","25.6777305603027","27.3384494781494","27.74241065979","28.2105293273926","29.1279201507568","30.7051792144775","31.5955905914307","32.3696517944336","32.9779891967773","","",
"Solomon Islands","SLB","Educational attainment, at least Bachelor's or equivalent, population 25+, total (%) (cumulative)","SE.TER.CUAT.BA.ZS","","","","","","","","","","","","","","","","","","","","","","","","","","","","","","","","","","","","","","","","","","","","","","","","","","","","","","","","","","","","","","","",
"Sierra Leone","SLE","Educational attainment, at least Bachelor's or equivalent, population 25+, total (%) (cumulative)","SE.TER.CUAT.BA.ZS","","","","","","","","","","","","","","","","","","","","","","","","","","","","","","","","","","","","","","","","","","","","","0.851180016994476","","","","","","","","","","","","","2.14157009124756","","1.95823001861572","","","",
"El Salvador","SLV","Educational attainment, at least Bachelor's or equivalent, population 25+, total (%) (cumulative)","SE.TER.CUAT.BA.ZS","","","","","","","","","","","","","","","","","","","","","","","","","","","","","","","","","","","","","","","","","","","","","","","","","","","","","","6.05945014953613","","","7.11731004714966","6.67210006713867","","8.33701992034912","8.43130016326904","","",
"San Marino","SMR","Educational attainment, at least Bachelor's or equivalent, population 25+, total (%) (cumulative)","SE.TER.CUAT.BA.ZS","","","","","","","","","","","","","","","","","","","","","","","","","","","","","","","","","","","","","","","","","","","","","","","","","","","","","","","","","","","15.7600202560425","","","","",
"Somalia","SOM","Educational attainment, at least Bachelor's or equivalent, population 25+, total (%) (cumulative)","SE.TER.CUAT.BA.ZS","","","","","","","","","","","","","","","","","","","","","","","","","","","","","","","","","","","","","","","","","","","","","","","","","","","","","","","","","","","","","","","4.27464008331299",
"Serbia","SRB","Educational attainment, at least Bachelor's or equivalent, population 25+, total (%) (cumulative)","SE.TER.CUAT.BA.ZS","","","","","","","","","","","","","","","","","","","","","","","","","","","","","","","","","","","","","","","","","","","7.86824989318848","","","","","","","","","11.8017101287842","","11.4581804275513","12.6497097015381","13.5838098526001","14.5109100341797","14.8972396850586","","15.5152702331543","","","",
"Sub-Saharan Africa (excluding high income)","SSA","Educational attainment, at least Bachelor's or equivalent, population 25+, total (%) (cumulative)","SE.TER.CUAT.BA.ZS","","","","","","","","","","","","","","","","","","","","","","","","","","","","","","","","","","","","","","","","","","","","","","","","","","","","","","","","","","","","","","","",
"South Sudan","SSD","Educational attainment, at least Bachelor's or equivalent, population 25+, total (%) (cumulative)","SE.TER.CUAT.BA.ZS","","","","","","","","","","","","","","","","","","","","","","","","","","","","","","","","","","","","","","","","","","","","","","","","","3.77482008934021","","","","","","","","","","","","","","",
"Sub-Saharan Africa","SSF","Educational attainment, at least Bachelor's or equivalent, population 25+, total (%) (cumulative)","SE.TER.CUAT.BA.ZS","","","","","","","","","","","","","","","","","","","","","","","","","","","","","","","","","","","","","","","","","","","","","","","","","","","","","","","","","","","","","","","",
"Small states","SST","Educational attainment, at least Bachelor's or equivalent, population 25+, total (%) (cumulative)","SE.TER.CUAT.BA.ZS","","","","","","","","","","","","","","","","","","","","","","","","","","","","","","","","","","","","","","","","","","","","","","","","","","","","","","","","","","","","","","","",
"Sao Tome and Principe","STP","Educational attainment, at least Bachelor's or equivalent, population 25+, total (%) (cumulative)","SE.TER.CUAT.BA.ZS","","","","","","","","","","","","","","","","","","","","","","0.29423999786377","","","","","","","","","","","","","","","","","","","","","","","","","","","","","","","3.2590799331665","","","","","","","4.8479700088501","","","",
"Suriname","SUR","Educational attainment, at least Bachelor's or equivalent, population 25+, total (%) (cumulative)","SE.TER.CUAT.BA.ZS","","","","","","","","","","","","","","","","","","","","","","","","","","","","","","","","","","","","","","","","","","","","","","","","","","","","","","","","","","","4.9513897895813","","","","",
"Slovak Republic","SVK","Educational attainment, at least Bachelor's or equivalent, population 25+, total (%) (cumulative)","SE.TER.CUAT.BA.ZS","","","","","","","","","","","","","","","","","","","","","","","","","","","","","","","","","","","","","","","","","","","","","","","","","","","","18.5654392242432","","","18.0583992004395","18.9221496582031","19.6366405487061","20.6823902130127","21.8907604217529","22.8579196929932","","","",
"Slovenia","SVN","Educational attainment, at least Bachelor's or equivalent, population 25+, total (%) (cumulative)","SE.TER.CUAT.BA.ZS","","","","","","","","","","","","","","","","","","","","","","","","","","","","","","","","","","","","","","","","","","","","","","","","","","","","","","","18.2173099517822","18.8112297058105","19.643310546875","20.681209564209","","21.5090999603271","","","",
"Sweden","SWE","Educational attainment, at least Bachelor's or equivalent, population 25+, total (%) (cumulative)","SE.TER.CUAT.BA.ZS","","","","","","","","","","","","","","","","","","","","","","","","","","","","","","","","","","","","","","","","","","","","","","","","","","","","","","22.0398502349854","22.5353202819824","22.9988498687744","23.4782295227051","23.9369201660156","","25.07958984375","","","",
"Eswatini","SWZ","Educational attainment, at least Bachelor's or equivalent, population 25+, total (%) (cumulative)","SE.TER.CUAT.BA.ZS","","","","","","","","","","","","","","","","","","","","","","","","","","","","","","","","","","","","","","","","","","","","","","","","","","","","","","","","","","","","","","","",
"Sint Maarten (Dutch part)","SXM","Educational attainment, at least Bachelor's or equivalent, population 25+, total (%) (cumulative)","SE.TER.CUAT.BA.ZS","","","","","","","","","","","","","","","","","","","","","","","","","","","","","","","","","","","","","","","","","","","","","","","","","","","","","","","","","","","","","","","",
"Seychelles","SYC","Educational attainment, at least Bachelor's or equivalent, population 25+, total (%) (cumulative)","SE.TER.CUAT.BA.ZS","","","","","","","","","","","","","","","","","","","","","","","","","","","","","","","","","","","","","","","","","","","","","","","","","","","","","","","","","","","","","","","",
"Syrian Arab Republic","SYR","Educational attainment, at least Bachelor's or equivalent, population 25+, total (%) (cumulative)","SE.TER.CUAT.BA.ZS","","","","","","","","","","","","","","","","","","","","","","","","","","","","","","","","","","","","","","","","","","","","","","","","","","","","","","","","","","","","","","","",
"Turks and Caicos Islands","TCA","Educational attainment, at least Bachelor's or equivalent, population 25+, total (%) (cumulative)","SE.TER.CUAT.BA.ZS","","","","","","","","","","","","","","","","","","","","","","","","","","","","","","","","","","","","","","","","","","","","","","","","","","","","","","","","","","","","11.7487096786499","","","",
"Chad","TCD","Educational attainment, at least Bachelor's or equivalent, population 25+, total (%) (cumulative)","SE.TER.CUAT.BA.ZS","","","","","","","","","","","","","","","","","","","","","","","","","","","","","","","","","","","","","","","","","","","","","","","","","","0.864160001277924","","","","","","","","","","1.75650000572205","","","",
"East Asia & Pacific (IDA & IBRD countries)","TEA","Educational attainment, at least Bachelor's or equivalent, population 25+, total (%) (cumulative)","SE.TER.CUAT.BA.ZS","","","","","","","","","","","","","","","","","","","","","","","","","","","","","","","","","","","","","","","","","","","","","","","","","","","","","","","","","","","","","","","",
"Europe & Central Asia (IDA & IBRD countries)","TEC","Educational attainment, at least Bachelor's or equivalent, population 25+, total (%) (cumulative)","SE.TER.CUAT.BA.ZS","","","","","","","","","","","","","","","","","","","","","","","","","","","","","","","","","","","","","","","","","","","","","","","","","","","","","","","","","","","","","","","",
"Togo","TGO","Educational attainment, at least Bachelor's or equivalent, population 25+, total (%) (cumulative)","SE.TER.CUAT.BA.ZS","","","","","","","","","","","","","","","","","","","","","","","","","","","","","","","","","","","","","","","","","","","","","","","","","","","","","","","","","","3.10193991661072","","","","","",
"Thailand","THA","Educational attainment, at least Bachelor's or equivalent, population 25+, total (%) (cumulative)","SE.TER.CUAT.BA.ZS","","","","","","","","","","","","","","","","","","","","","","","","","","","","","","","","","","","","","","","","","","","","","","","","","","","","","","13.1254596710205","","","14.8099803924561","","14.9390001296997","15.6279296875","","","",
"Tajikistan","TJK","Educational attainment, at least Bachelor's or equivalent, population 25+, total (%) (cumulative)","SE.TER.CUAT.BA.ZS","","","","","","","","","","","","","","","","","","","","","","","","","","","","","","","","","","","","","","","","","10.6469898223877","","","","","","","","","","","","","","","","","12.0083703994751","","","","","",
"Turkmenistan","TKM","Educational attainment, at least Bachelor's or equivalent, population 25+, total (%) (cumulative)","SE.TER.CUAT.BA.ZS","","","","","","","","","","","","","","","","","","","","","","","","","","","","","","","","","","","","","","","","","","","","","","","","","","","","","","","","10.1430797576904","","","","13.8386697769165","","","",
"Latin America & the Caribbean (IDA & IBRD countries)","TLA","Educational attainment, at least Bachelor's or equivalent, population 25+, total (%) (cumulative)","SE.TER.CUAT.BA.ZS","","","","","","","","","","","","","","","","","","","","","","","","","","","","","","","","","","","","","","","","","","","","","","","","","","","","","","","","","","","","","","","",
"Timor-Leste","TLS","Educational attainment, at least Bachelor's or equivalent, population 25+, total (%) (cumulative)","SE.TER.CUAT.BA.ZS","","","","","","","","","","","","","","","","","","","","","","","","","","","","","","","","","","","","","","","","","","","","","","","","","","","","","","","","","7.36493015289307","","","","","","",
"Middle East & North Africa (IDA & IBRD countries)","TMN","Educational attainment, at least Bachelor's or equivalent, population 25+, total (%) (cumulative)","SE.TER.CUAT.BA.ZS","","","","","","","","","","","","","","","","","","","","","","","","","","","","","","","","","","","","","","","","","","","","","","","","","","","","","","","","","","","","","","","",
"Tonga","TON","Educational attainment, at least Bachelor's or equivalent, population 25+, total (%) (cumulative)","SE.TER.CUAT.BA.ZS","","","","","","","","","","","","","","","","","","","","","","","","","","","","","","","","","","","","","","","","","","","","","","","","","","","","","","","","","","","","9.49322986602783","","","",
"South Asia (IDA & IBRD)","TSA","Educational attainment, at least Bachelor's or equivalent, population 25+, total (%) (cumulative)","SE.TER.CUAT.BA.ZS","","","","","","","","","","","","","","","","","","","","","","","","","","","","","","","","","","","","","","","","","","","","","","","","","","","","","","","","","","","","","","","",
"Sub-Saharan Africa (IDA & IBRD countries)","TSS","Educational attainment, at least Bachelor's or equivalent, population 25+, total (%) (cumulative)","SE.TER.CUAT.BA.ZS","","","","","","","","","","","","","","","","","","","","","","","","","","","","","","","","","","","","","","","","","","","","","","","","","","","","","","","","","","","","","","","",
"Trinidad and Tobago","TTO","Educational attainment, at least Bachelor's or equivalent, population 25+, total (%) (cumulative)","SE.TER.CUAT.BA.ZS","","","","","","","","","","","","","","","","","","","","","","","","","","","","","","","","","","","","","","","","","","","","","","","","","9.83333969116211","9.61271953582764","","5.79491996765137","","","","","","","","","","","",
"Tunisia","TUN","Educational attainment, at least Bachelor's or equivalent, population 25+, total (%) (cumulative)","SE.TER.CUAT.BA.ZS","","","","","","","","","","","","","","","","","","","","","","","","","","","","","","","","","","","","","","","","","","","","","","","","","","","","","","","","","","","13.3981304168701","","","","",
"Turkiye","TUR","Educational attainment, at least Bachelor's or equivalent, population 25+, total (%) (cumulative)","SE.TER.CUAT.BA.ZS","","","","","","","","","","","","","","","","","","","","","","","","","","","","","","","","","","","","","","","","","","","","","","","","","","","","","","","","","","","","","","","",
"Tuvalu","TUV","Educational attainment, at least Bachelor's or equivalent, population 25+, total (%) (cumulative)","SE.TER.CUAT.BA.ZS","","","","","","","","","","","","","","","","","","","","","","","","","","","","","","","","","","","","","","","","","","","","","","","","","","","","","","","","","","","","","","","",
"Tanzania","TZA","Educational attainment, at least Bachelor's or equivalent, population 25+, total (%) (cumulative)","SE.TER.CUAT.BA.ZS","","","","","","","","","","","","","","","","","","","","","","","","","","","","","","","","","","","","","","","","","","","","","","","","","","","","","","","","1.6764999628067","","","1.41936004161835","","","","",
"Uganda","UGA","Educational attainment, at least Bachelor's or equivalent, population 25+, total (%) (cumulative)","SE.TER.CUAT.BA.ZS","","","","","","","","","","","","","","","","","","","","","","","","","","","","","","","","","","","","","","","","","","","","","","","","","1.84214997291565","","2.95724010467529","","1.69885003566742","","","","0.940330028533936","","","","","","",
"Ukraine","UKR","Educational attainment, at least Bachelor's or equivalent, population 25+, total (%) (cumulative)","SE.TER.CUAT.BA.ZS","","","","","","","","","","","","","","","","","","","","","","","","","","","","","","","","","","","","","","","","","","16.7468891143799","","","","","","","","","","","","","","","","","","","","","",
"Upper middle income","UMC","Educational attainment, at least Bachelor's or equivalent, population 25+, total (%) (cumulative)","SE.TER.CUAT.BA.ZS","","","","","","","","","","","","","","","","","","","","","","","","","","","","","","","","","","","","","","","","","","","","","","","","","","","","","","","","","","","","","","","",
"Uruguay","URY","Educational attainment, at least Bachelor's or equivalent, population 25+, total (%) (cumulative)","SE.TER.CUAT.BA.ZS","","","","","","","","","","","","","","","","","","","","","","","","","","","","","","","","","","","","","","","","","","","","","","","","","","","","","","7.1975998878479","7.40842008590698","10.502459526062","10.4640598297119","11.3356504440308","11.4731798171997","11.8412799835205","","","",
"United States","USA","Educational attainment, at least Bachelor's or equivalent, population 25+, total (%) (cumulative)","SE.TER.CUAT.BA.ZS","","","","","","","","","","","","","","","","","","","","","","","","","","","","","","","","","","","","","","","","","","","","","","","","","","","","","","31.6606597900391","31.9557991027832","32.5007591247559","33.4396896362305","32.0158805847168","34.9924697875977","","37.5242881774902","35.0492286682129","",
"Uzbekistan","UZB","Educational attainment, at least Bachelor's or equivalent, population 25+, total (%) (cumulative)","SE.TER.CUAT.BA.ZS","","","","","","","","","","","","","","","","","","","","","","","","","","","","","","","","","","","","","","","","","","","","","","","","","","","","","","15.4206800460815","15.6767902374268","15.8040599822998","16.3175201416016","","16.3034191131592","16.4321002960205","","16.4528999328613","16.8512191772461",
"St. Vincent and the Grenadines","VCT","Educational attainment, at least Bachelor's or equivalent, population 25+, total (%) (cumulative)","SE.TER.CUAT.BA.ZS","","","","","","","","","","","","","","","","","","","","","","","","","","","","","","","","","","","","","","","","","","","","","","","","","","","","","","","","","","","","","","","",
"Venezuela, RB","VEN","Educational attainment, at least Bachelor's or equivalent, population 25+, total (%) (cumulative)","SE.TER.CUAT.BA.ZS","","","","","","","","","","","","","","","","","","","","","","","","","","","","","","","","","","","","","","","","","","","","","","","","","","","","18.5063304901123","","","","21.5446491241455","25.1461696624756","","","","","","",
"British Virgin Islands","VGB","Educational attainment, at least Bachelor's or equivalent, population 25+, total (%) (cumulative)","SE.TER.CUAT.BA.ZS","","","","","","","","","","","","","","","","","","","","","","","","","","","","","","","","","","","","","","","","","","","","","","","","","","","","","","","","","","","","","","","",
"Virgin Islands (U.S.)","VIR","Educational attainment, at least Bachelor's or equivalent, population 25+, total (%) (cumulative)","SE.TER.CUAT.BA.ZS","","","","","","","","","","","","","","","","","","","","","","","","","","","","","","","","","","","","","","","","","","","","","","","","","","","","","","","","","","","","","","","",
"Viet Nam","VNM","Educational attainment, at least Bachelor's or equivalent, population 25+, total (%) (cumulative)","SE.TER.CUAT.BA.ZS","","","","","","","","","","","","","","","","","","","","","","","","","","","","","","","","","","","","","","","","","","","","","","","","","","","","","","","","","","","","10.2479000091553","","","",
"Vanuatu","VUT","Educational attainment, at least Bachelor's or equivalent, population 25+, total (%) (cumulative)","SE.TER.CUAT.BA.ZS","","","","","","","","","","","","","","","","","","","","","","","","","","","","","","","","","","","","","","","","","","","","","","","","","","","","","","","","","","","","","","","",
"World","WLD","Educational attainment, at least Bachelor's or equivalent, population 25+, total (%) (cumulative)","SE.TER.CUAT.BA.ZS","","","","","","","","","","","","","","","","","","","","","","","","","","","","","","","","","","","","","","","","","","","","","","","","","","","","","","","","","","","","","","","",
"Samoa","WSM","Educational attainment, at least Bachelor's or equivalent, population 25+, total (%) (cumulative)","SE.TER.CUAT.BA.ZS","","","","","","","","","","","","","","","","","","","","","","","","","","","","","","","","","","","","","","","","","","3.93853998184204","","","","","","","","","","","","","","","","","","11.0046997070312","","","",
"Kosovo","XKX","Educational attainment, at least Bachelor's or equivalent, population 25+, total (%) (cumulative)","SE.TER.CUAT.BA.ZS","","","","","","","","","","","","","","","","","","","","","","","","","","","","","","","","","","","","","","","","","","","","","","","","","","","","","","","","","","","","","","","",
"Yemen, Rep.","YEM","Educational attainment, at least Bachelor's or equivalent, population 25+, total (%) (cumulative)","SE.TER.CUAT.BA.ZS","","","","","","","","","","","","","","","","","","","","","","","","","","","","","","","","","","","","","","","","","","","","","","","","","","","","","","","","","","","","","","","",
"South Africa","ZAF","Educational attainment, at least Bachelor's or equivalent, population 25+, total (%) (cumulative)","SE.TER.CUAT.BA.ZS","","","","","","","","","","","","","","","","","","","","","","","","","","","","","","","","","","","","","","","","","","","","","","","","","","","","","","","","6.06521987915039","7.23291015625","8.24518966674805","","8.01776027679443","7.68192005157471","12.9641399383545","",
"Zambia","ZMB","Educational attainment, at least Bachelor's or equivalent, population 25+, total (%) (cumulative)","SE.TER.CUAT.BA.ZS","","","","","","","","","","","","","","","","","","","","","","","","","","","","","","","","","","","","","","","","","","","","","","","","","","","","","","","","","","","1.8147200345993","","","","",
"Zimbabwe","ZWE","Educational attainment, at least Bachelor's or equivalent, population 25+, total (%) (cumulative)","SE.TER.CUAT.BA.ZS","","","","","","","","","","","","","","","","","","","","","","","","","","","","","","","","","","","","","","","","","","","","","","","","","","","","","","","","6.95983982086182","","3.25141000747681","","5.70975017547607","","","",
